direct,options,pair,contract,levels,duplicateVector,pattern,bestClaimGas,worstClaimGas,refundGas,bestDisableGas,worstDisableGas,refundDisableGas,deployGasDecimal,ok,notes,runDir
false,1,D->B|evm|fund:db,CTLCOnly,1,1,single-level,72874,72874,59561,,0,0,1146799,true,best_claim and worst_claim are expected to match; pair compiles to CTLCOnly,/home/aothuatgiadp/blockchain/project/CTLC-Implementation/results/atg-bench-2026-04-09T04-39-47-275Z
false,2,D->B|evm|fund:db,CTLCMultipleEdges,1,2,single-level+multi-option,75948,75948,59539,,0,0,1285274,true,best_claim and worst_claim are expected to match; pair compiles to CTLCMultipleEdges,/home/aothuatgiadp/blockchain/project/CTLC-Implementation/results/atg-bench-2026-04-09T04-40-10-247Z
false,3,D->B|evm|fund:db,CTLCMultipleEdges,1,3,single-level+multi-option,75948,75948,59539,,0,0,1377441,true,best_claim and worst_claim are expected to match; pair compiles to CTLCMultipleEdges,/home/aothuatgiadp/blockchain/project/CTLC-Implementation/results/atg-bench-2026-04-09T04-40-30-184Z
false,4,D->B|evm|fund:db,CTLCMultipleEdges,1,4,single-level+multi-option,75948,75948,59539,,0,0,1469596,true,best_claim and worst_claim are expected to match; pair compiles to CTLCMultipleEdges,/home/aothuatgiadp/blockchain/project/CTLC-Implementation/results/atg-bench-2026-04-09T04-40-51-974Z
true,0,D->B|evm|fund:db,CTLCOnly,1,1,single-level,68747,68747,59561,,0,0,1123887,true,best_claim and worst_claim are expected to match; pair compiles to CTLCOnly,/home/aothuatgiadp/blockchain/project/CTLC-Implementation/results/atg-bench-2026-04-09T04-41-11-605Z
true,1,D->B|evm|fund:db,CTLCOnly,2,1|1,multi-level,68747,125833,112508,,52947,52947,1239070,true,pair compiles to CTLCOnly; expect 1 disable step(s) before last claim/refund,/home/aothuatgiadp/blockchain/project/CTLC-Implementation/results/atg-bench-2026-04-09T04-41-33-047Z
true,2,D->B|evm|fund:db,CTLCMultipleEdges,2,1|2,multi-level+multi-option,71629,128885,112464,,52925,52925,1400964,true,pair compiles to CTLCMultipleEdges; expect 1 disable step(s) before last claim/refund,/home/aothuatgiadp/blockchain/project/CTLC-Implementation/results/atg-bench-2026-04-09T04-41-54-734Z
true,3,D->B|evm|fund:db,CTLCMultipleEdges,2,1|3,multi-level+multi-option,71641,128885,112464,,52925,52925,1493131,true,pair compiles to CTLCMultipleEdges; expect 1 disable step(s) before last claim/refund,/home/aothuatgiadp/blockchain/project/CTLC-Implementation/results/atg-bench-2026-04-09T04-42-16-219Z
true,4,D->B|evm|fund:db,CTLCMultipleEdges,2,1|4,multi-level+multi-option,71641,128885,112464,,52925,52925,1585286,true,pair compiles to CTLCMultipleEdges; expect 1 disable step(s) before last claim/refund,/home/aothuatgiadp/blockchain/project/CTLC-Implementation/results/atg-bench-2026-04-09T04-42-38-091Z
