target,variant,model,rows,groups,mae,mape_pct,r2
deploy_gas,full,linear_full,19,15,7066.0846,0.6235,0.9946
deploy_gas,reduced,linear_reduced,19,15,7066.0846,0.6235,0.9946
deploy_gas,reduced,ridge_reduced,19,15,9507.8563,0.7998,0.9937
refund_gas,full,linear_full,19,15,5.5108,0.0066,1.0
refund_gas,reduced,linear_reduced,19,15,5.5108,0.0066,1.0
refund_gas,reduced,ridge_reduced,19,15,2236.616,2.7811,0.9871
worst_claim_gas,full,linear_full,19,15,2101.3569,2.5829,0.9909
worst_claim_gas,reduced,linear_reduced,19,15,2101.3569,2.5829,0.9909
worst_claim_gas,reduced,ridge_reduced,19,15,3053.0332,3.542,0.9818
