source_kind,run_id,graph_id,family,pair,direct,options,leader,contract_type,scenario,levels,duplicate_vector,num_levels,sum_options,max_options_per_level,pattern,has_multi_level,has_multi_option,disable_steps_worst,deploy_gas,gas_used,best_claim_gas,worst_claim_gas,refund_gas,best_disable_gas,worst_disable_gas,refund_disable_gas,ok,notes,error,source_path,row_index,num_hash_checks_est,estimated_claim_calldata_bytes,estimated_worst_path_calldata_bytes,estimated_refund_path_calldata_bytes,deploy_sstore_cold_est,claim_sstore_cold_est,worst_sstore_cold_est,refund_sstore_cold_est,claim_sstore_warm_est,worst_sstore_warm_est,refund_sstore_warm_est,claim_nested_calls_est,worst_nested_calls_est,refund_nested_calls_est
atg_analysis,atg-bench-2026-04-09T04-24-53-594Z,atg-bench-2026-04-09T04-24-53-594Z,atg,D->B|evm|fund:db,,,,CTLCMultipleEdges,pair_summary,2.0,1|2,2.0,3.0,2.0,multi-level+multi-option,True,True,1.0,1400964,,71641.0,128885.0,112464.0,,52925.0,52925.0,True,pair compiles to CTLCMultipleEdges; expect 1 disable step(s) before last claim/refund,,/home/aothuatgiadp/blockchain/project/CTLC-Implementation/results/atg-bench-2026-04-09T04-24-53-594Z/analysis.csv,4.0,3.0,420.0,456.0,40.0,8.0,1,2.0,2.0,0,0,0,1,1,1
atg_analysis,atg-bench-2026-04-09T04-38-39-816Z,atg-bench-2026-04-09T04-38-39-816Z,atg,D->B|evm|fund:db,,,,CTLCMultipleEdges,pair_summary,2.0,1|3,2.0,4.0,3.0,multi-level+multi-option,True,True,1.0,1493131,,71641.0,128885.0,112464.0,,52925.0,52925.0,True,pair compiles to CTLCMultipleEdges; expect 1 disable step(s) before last claim/refund,,/home/aothuatgiadp/blockchain/project/CTLC-Implementation/results/atg-bench-2026-04-09T04-38-39-816Z/analysis.csv,4.0,3.0,420.0,456.0,40.0,9.0,1,2.0,2.0,0,0,0,1,1,1
atg_analysis,atg-bench-2026-04-09T04-39-47-275Z,atg-bench-2026-04-09T04-39-47-275Z,atg,D->B|evm|fund:db,,,,CTLCOnly,pair_summary,1.0,1,1.0,1.0,1.0,single-level,False,False,0.0,1146799,,72874.0,72874.0,59561.0,,0.0,0.0,True,best_claim and worst_claim are expected to match; pair compiles to CTLCOnly,,/home/aothuatgiadp/blockchain/project/CTLC-Implementation/results/atg-bench-2026-04-09T04-39-47-275Z/analysis.csv,1.0,2.0,292.0,292.0,4.0,4.0,1,1.0,1.0,0,0,0,1,1,1
atg_analysis,atg-bench-2026-04-09T04-40-10-247Z,atg-bench-2026-04-09T04-40-10-247Z,atg,D->B|evm|fund:db,,,,CTLCMultipleEdges,pair_summary,1.0,2,1.0,2.0,2.0,single-level+multi-option,False,True,0.0,1285274,,75948.0,75948.0,59539.0,,0.0,0.0,True,best_claim and worst_claim are expected to match; pair compiles to CTLCMultipleEdges,,/home/aothuatgiadp/blockchain/project/CTLC-Implementation/results/atg-bench-2026-04-09T04-40-10-247Z/analysis.csv,2.0,2.0,324.0,324.0,4.0,6.0,1,1.0,1.0,0,0,0,1,1,1
atg_analysis,atg-bench-2026-04-09T04-40-30-184Z,atg-bench-2026-04-09T04-40-30-184Z,atg,D->B|evm|fund:db,,,,CTLCMultipleEdges,pair_summary,1.0,3,1.0,3.0,3.0,single-level+multi-option,False,True,0.0,1377441,,75948.0,75948.0,59539.0,,0.0,0.0,True,best_claim and worst_claim are expected to match; pair compiles to CTLCMultipleEdges,,/home/aothuatgiadp/blockchain/project/CTLC-Implementation/results/atg-bench-2026-04-09T04-40-30-184Z/analysis.csv,3.0,2.0,324.0,324.0,4.0,7.0,1,1.0,1.0,0,0,0,1,1,1
atg_analysis,atg-bench-2026-04-09T04-40-51-974Z,atg-bench-2026-04-09T04-40-51-974Z,atg,D->B|evm|fund:db,,,,CTLCMultipleEdges,pair_summary,1.0,4,1.0,4.0,4.0,single-level+multi-option,False,True,0.0,1469596,,75948.0,75948.0,59539.0,,0.0,0.0,True,best_claim and worst_claim are expected to match; pair compiles to CTLCMultipleEdges,,/home/aothuatgiadp/blockchain/project/CTLC-Implementation/results/atg-bench-2026-04-09T04-40-51-974Z/analysis.csv,4.0,2.0,324.0,324.0,4.0,8.0,1,1.0,1.0,0,0,0,1,1,1
atg_analysis,atg-bench-2026-04-09T04-41-11-605Z,atg-bench-2026-04-09T04-41-11-605Z,atg,D->B|evm|fund:db,,,,CTLCOnly,pair_summary,1.0,1,1.0,1.0,1.0,single-level,False,False,0.0,1123887,,68747.0,68747.0,59561.0,,0.0,0.0,True,best_claim and worst_claim are expected to match; pair compiles to CTLCOnly,,/home/aothuatgiadp/blockchain/project/CTLC-Implementation/results/atg-bench-2026-04-09T04-41-11-605Z/analysis.csv,1.0,2.0,292.0,292.0,4.0,4.0,1,1.0,1.0,0,0,0,1,1,1
atg_analysis,atg-bench-2026-04-09T04-41-33-047Z,atg-bench-2026-04-09T04-41-33-047Z,atg,D->B|evm|fund:db,,,,CTLCOnly,pair_summary,2.0,1|1,2.0,2.0,1.0,multi-level,True,False,1.0,1239070,,68747.0,125833.0,112508.0,,52947.0,52947.0,True,pair compiles to CTLCOnly; expect 1 disable step(s) before last claim/refund,,/home/aothuatgiadp/blockchain/project/CTLC-Implementation/results/atg-bench-2026-04-09T04-41-33-047Z/analysis.csv,2.0,3.0,388.0,424.0,40.0,6.0,1,2.0,2.0,0,0,0,1,1,1
atg_analysis,atg-bench-2026-04-09T04-41-54-734Z,atg-bench-2026-04-09T04-41-54-734Z,atg,D->B|evm|fund:db,,,,CTLCMultipleEdges,pair_summary,2.0,1|2,2.0,3.0,2.0,multi-level+multi-option,True,True,1.0,1400964,,71629.0,128885.0,112464.0,,52925.0,52925.0,True,pair compiles to CTLCMultipleEdges; expect 1 disable step(s) before last claim/refund,,/home/aothuatgiadp/blockchain/project/CTLC-Implementation/results/atg-bench-2026-04-09T04-41-54-734Z/analysis.csv,3.0,3.0,420.0,456.0,40.0,8.0,1,2.0,2.0,0,0,0,1,1,1
atg_analysis,atg-bench-2026-04-09T04-42-16-219Z,atg-bench-2026-04-09T04-42-16-219Z,atg,D->B|evm|fund:db,,,,CTLCMultipleEdges,pair_summary,2.0,1|3,2.0,4.0,3.0,multi-level+multi-option,True,True,1.0,1493131,,71641.0,128885.0,112464.0,,52925.0,52925.0,True,pair compiles to CTLCMultipleEdges; expect 1 disable step(s) before last claim/refund,,/home/aothuatgiadp/blockchain/project/CTLC-Implementation/results/atg-bench-2026-04-09T04-42-16-219Z/analysis.csv,4.0,3.0,420.0,456.0,40.0,9.0,1,2.0,2.0,0,0,0,1,1,1
atg_analysis,atg-bench-2026-04-09T04-42-38-091Z,atg-bench-2026-04-09T04-42-38-091Z,atg,D->B|evm|fund:db,,,,CTLCMultipleEdges,pair_summary,2.0,1|4,2.0,5.0,4.0,multi-level+multi-option,True,True,1.0,1585286,,71641.0,128885.0,112464.0,,52925.0,52925.0,True,pair compiles to CTLCMultipleEdges; expect 1 disable step(s) before last claim/refund,,/home/aothuatgiadp/blockchain/project/CTLC-Implementation/results/atg-bench-2026-04-09T04-42-38-091Z/analysis.csv,5.0,3.0,420.0,456.0,40.0,10.0,1,2.0,2.0,0,0,0,1,1,1
atg_analysis,atg-bench-2026-04-10T12-06-56-335Z,atg-bench-2026-04-10T12-06-56-335Z,atg,B->A|evm|fund:ba,,,,CTLCOnly,pair_summary,1.0,1,1.0,1.0,1.0,single-level,False,False,0.0,1100975,,64620.0,64620.0,59561.0,,0.0,0.0,True,best_claim and worst_claim are expected to match; pair compiles to CTLCOnly,,/home/aothuatgiadp/blockchain/project/CTLC-Implementation/results/atg-bench-2026-04-10T12-06-56-335Z/analysis.csv,0.0,2.0,292.0,292.0,4.0,4.0,1,1.0,1.0,0,0,0,1,1,1
atg_analysis,atg-bench-2026-04-10T12-06-56-335Z,atg-bench-2026-04-10T12-06-56-335Z,atg,C->B|evm|fund:cb,,,,CTLCOnly,pair_summary,1.0,1,1.0,1.0,1.0,single-level,False,False,0.0,1123887,,68747.0,68747.0,59561.0,,0.0,0.0,True,best_claim and worst_claim are expected to match; pair compiles to CTLCOnly,,/home/aothuatgiadp/blockchain/project/CTLC-Implementation/results/atg-bench-2026-04-10T12-06-56-335Z/analysis.csv,1.0,2.0,292.0,292.0,4.0,4.0,1,1.0,1.0,0,0,0,1,1,1
atg_analysis,atg-bench-2026-04-10T12-06-56-335Z,atg-bench-2026-04-10T12-06-56-335Z,atg,D->B|evm|fund:db,,,,CTLCOnly,pair_summary,1.0,1,1.0,1.0,1.0,single-level,False,False,0.0,1123887,,68747.0,68747.0,59561.0,,0.0,0.0,True,best_claim and worst_claim are expected to match; pair compiles to CTLCOnly,,/home/aothuatgiadp/blockchain/project/CTLC-Implementation/results/atg-bench-2026-04-10T12-06-56-335Z/analysis.csv,2.0,2.0,292.0,292.0,4.0,4.0,1,1.0,1.0,0,0,0,1,1,1
atg_analysis,atg-bench-2026-04-10T12-08-24-656Z,atg-bench-2026-04-10T12-08-24-656Z,atg,A->C|evm|fund:ac,,,,CTLCOnly,pair_summary,1.0,1,1.0,1.0,1.0,single-level,False,False,0.0,1100987,,64620.0,64620.0,59561.0,,0.0,0.0,True,best_claim and worst_claim are expected to match; pair compiles to CTLCOnly,,/home/aothuatgiadp/blockchain/project/CTLC-Implementation/results/atg-bench-2026-04-10T12-08-24-656Z/analysis.csv,0.0,2.0,292.0,292.0,4.0,4.0,1,1.0,1.0,0,0,0,1,1,1
atg_analysis,atg-bench-2026-04-10T12-08-24-656Z,atg-bench-2026-04-10T12-08-24-656Z,atg,B->A|evm|fund:ba,,,,CTLCOnly,pair_summary,1.0,1,1.0,1.0,1.0,single-level,False,False,0.0,1123887,,68747.0,68747.0,59561.0,,0.0,0.0,True,best_claim and worst_claim are expected to match; pair compiles to CTLCOnly,,/home/aothuatgiadp/blockchain/project/CTLC-Implementation/results/atg-bench-2026-04-10T12-08-24-656Z/analysis.csv,1.0,2.0,292.0,292.0,4.0,4.0,1,1.0,1.0,0,0,0,1,1,1
atg_analysis,atg-bench-2026-04-10T12-08-24-656Z,atg-bench-2026-04-10T12-08-24-656Z,atg,D->B|evm|fund:db,,,,CTLCOnly,pair_summary,1.0,1,1.0,1.0,1.0,single-level,False,False,0.0,1146799,,72874.0,72874.0,59561.0,,0.0,0.0,True,best_claim and worst_claim are expected to match; pair compiles to CTLCOnly,,/home/aothuatgiadp/blockchain/project/CTLC-Implementation/results/atg-bench-2026-04-10T12-08-24-656Z/analysis.csv,2.0,2.0,292.0,292.0,4.0,4.0,1,1.0,1.0,0,0,0,1,1,1
atg_analysis,atg-bench-2026-04-10T13-48-21-017Z,atg-bench-2026-04-10T13-48-21-017Z,atg,D->B|evm|fund:db,,,,CTLCMultipleEdges,pair_summary,2.0,1|2,2.0,3.0,2.0,multi-level+multi-option,True,True,1.0,1400964,,71629.0,128885.0,112464.0,,52925.0,52925.0,True,pair compiles to CTLCMultipleEdges; expect 1 disable step(s) before last claim/refund,,/home/aothuatgiadp/blockchain/project/CTLC-Implementation/results/atg-bench-2026-04-10T13-48-21-017Z/analysis.csv,3.0,3.0,420.0,456.0,40.0,8.0,1,2.0,2.0,0,0,0,1,1,1
atg_analysis,atg-bench-2026-04-10T13-49-29-084Z,atg-bench-2026-04-10T13-49-29-084Z,atg,D->B|evm|fund:db,,,,CTLCOnly,pair_summary,1.0,1,1.0,1.0,1.0,single-level,False,False,0.0,1100975,,64620.0,64620.0,59561.0,,0.0,0.0,True,best_claim and worst_claim are expected to match; pair compiles to CTLCOnly,,/home/aothuatgiadp/blockchain/project/CTLC-Implementation/results/atg-bench-2026-04-10T13-49-29-084Z/analysis.csv,1.0,2.0,292.0,292.0,4.0,4.0,1,1.0,1.0,0,0,0,1,1,1
random_analysis,,random_v1_10,random_v1,B->C|evm|fund:bc,,,,CTLCMultipleEdges,pair_summary,,,2.0,4.0,2.0,multi-level+multi-option,True,True,1.0,1561843,,75948.0,133204.0,112464.0,,,,True,,,/home/aothuatgiadp/blockchain/project/CTLC-Implementation/paper2/data/raw/random_runs/random_v1_10/analysis.csv,,3.0,420.0,456.0,40.0,9.0,1,2.0,2.0,0,0,0,1,1,1
random_analysis,,random_v1_10,random_v1,B->D|evm|fund:bd,,,,CTLCOnly,pair_summary,,,2.0,2.0,1.0,multi-level,True,False,1.0,1239070,,68723.0,125833.0,112508.0,,,,True,,,/home/aothuatgiadp/blockchain/project/CTLC-Implementation/paper2/data/raw/random_runs/random_v1_10/analysis.csv,,3.0,388.0,424.0,40.0,6.0,1,2.0,2.0,0,0,0,1,1,1
random_analysis,,random_v1_10,random_v1,C->D|evm|fund:cd,,,,CTLCOnly,pair_summary,,,2.0,2.0,1.0,multi-level,True,False,1.0,1239082,,68747.0,125833.0,112508.0,,,,True,,,/home/aothuatgiadp/blockchain/project/CTLC-Implementation/paper2/data/raw/random_runs/random_v1_10/analysis.csv,,3.0,388.0,424.0,40.0,6.0,1,2.0,2.0,0,0,0,1,1,1
random_analysis,,random_v1_10,random_v1,D->A|evm|fund:da,,,,CTLCOnly,pair_summary,,,1.0,1.0,1.0,single-level,False,False,0.0,1100987,,64620.0,64620.0,59561.0,,,,True,,,/home/aothuatgiadp/blockchain/project/CTLC-Implementation/paper2/data/raw/random_runs/random_v1_10/analysis.csv,,2.0,292.0,292.0,4.0,4.0,1,1.0,1.0,0,0,0,1,1,1
random_analysis,,random_v1_10,random_v1,D->E|evm|fund:de,,,,CTLCOnly,pair_summary,,,1.0,1.0,1.0,single-level,False,False,0.0,1123899,,68747.0,68747.0,59561.0,,,,True,,,/home/aothuatgiadp/blockchain/project/CTLC-Implementation/paper2/data/raw/random_runs/random_v1_10/analysis.csv,,2.0,292.0,292.0,4.0,4.0,1,1.0,1.0,0,0,0,1,1,1
random_analysis,,random_v1_10,random_v1,E->A|evm|fund:ea,,,,CTLCOnly,pair_summary,,,1.0,1.0,1.0,single-level,False,False,0.0,1100987,,64620.0,64620.0,59561.0,,,,True,,,/home/aothuatgiadp/blockchain/project/CTLC-Implementation/paper2/data/raw/random_runs/random_v1_10/analysis.csv,,2.0,292.0,292.0,4.0,4.0,1,1.0,1.0,0,0,0,1,1,1
random_analysis,,random_v1_100,random_v1,B->C|evm|fund:bc,,,,CTLCMultipleEdges,pair_summary,,,1.0,4.0,4.0,single-level+multi-option,False,True,0.0,1469572,,75948.0,75948.0,59539.0,,,,True,,,/home/aothuatgiadp/blockchain/project/CTLC-Implementation/paper2/data/raw/random_runs/random_v1_100/analysis.csv,,2.0,324.0,324.0,4.0,8.0,1,1.0,1.0,0,0,0,1,1,1
random_analysis,,random_v1_100,random_v1,C->D|evm|fund:cd,,,,CTLCMultipleEdges,pair_summary,,,1.0,2.0,2.0,single-level+multi-option,False,True,0.0,1239450,,71641.0,71641.0,59539.0,,,,True,,,/home/aothuatgiadp/blockchain/project/CTLC-Implementation/paper2/data/raw/random_runs/random_v1_100/analysis.csv,,2.0,324.0,324.0,4.0,6.0,1,1.0,1.0,0,0,0,1,1,1
random_analysis,,random_v1_100,random_v1,D->A|evm|fund:da,,,,CTLCMultipleEdges,pair_summary,,,1.0,2.0,2.0,single-level+multi-option,False,True,0.0,1193638,,67334.0,67334.0,59539.0,,,,True,,,/home/aothuatgiadp/blockchain/project/CTLC-Implementation/paper2/data/raw/random_runs/random_v1_100/analysis.csv,,2.0,324.0,324.0,4.0,6.0,1,1.0,1.0,0,0,0,1,1,1
random_analysis,,random_v1_101,random_v1,B->C|evm|fund:bc,,,,CTLCOnly,pair_summary,,,1.0,1.0,1.0,single-level,False,False,0.0,1146787,,72874.0,72874.0,59561.0,,,,True,,,/home/aothuatgiadp/blockchain/project/CTLC-Implementation/paper2/data/raw/random_runs/random_v1_101/analysis.csv,,2.0,292.0,292.0,4.0,4.0,1,1.0,1.0,0,0,0,1,1,1
random_analysis,,random_v1_101,random_v1,C->D|evm|fund:cd,,,,CTLCOnly,pair_summary,,,1.0,1.0,1.0,single-level,False,False,0.0,1123899,,68747.0,68747.0,59561.0,,,,True,,,/home/aothuatgiadp/blockchain/project/CTLC-Implementation/paper2/data/raw/random_runs/random_v1_101/analysis.csv,,2.0,292.0,292.0,4.0,4.0,1,1.0,1.0,0,0,0,1,1,1
random_analysis,,random_v1_101,random_v1,D->A|evm|fund:da,,,,CTLCOnly,pair_summary,,,1.0,1.0,1.0,single-level,False,False,0.0,1100987,,64620.0,64620.0,59561.0,,,,True,,,/home/aothuatgiadp/blockchain/project/CTLC-Implementation/paper2/data/raw/random_runs/random_v1_101/analysis.csv,,2.0,292.0,292.0,4.0,4.0,1,1.0,1.0,0,0,0,1,1,1
random_analysis,,random_v1_102,random_v1,B->C|evm|fund:bc,,,,CTLCMultipleEdges,pair_summary,,,1.0,4.0,4.0,single-level+multi-option,False,True,0.0,1561244,,80267.0,80267.0,59539.0,,,,True,,,/home/aothuatgiadp/blockchain/project/CTLC-Implementation/paper2/data/raw/random_runs/random_v1_102/analysis.csv,,2.0,324.0,324.0,4.0,8.0,1,1.0,1.0,0,0,0,1,1,1
random_analysis,,random_v1_102,random_v1,C->D|evm|fund:cd,,,,CTLCMultipleEdges,pair_summary,,,1.0,2.0,2.0,single-level+multi-option,False,True,0.0,1285286,,75948.0,75948.0,59539.0,,,,True,,,/home/aothuatgiadp/blockchain/project/CTLC-Implementation/paper2/data/raw/random_runs/random_v1_102/analysis.csv,,2.0,324.0,324.0,4.0,6.0,1,1.0,1.0,0,0,0,1,1,1
random_analysis,,random_v1_102,random_v1,D->E|evm|fund:de,,,,CTLCMultipleEdges,pair_summary,,,1.0,2.0,2.0,single-level+multi-option,False,True,0.0,1239462,,71641.0,71641.0,59539.0,,,,True,,,/home/aothuatgiadp/blockchain/project/CTLC-Implementation/paper2/data/raw/random_runs/random_v1_102/analysis.csv,,2.0,324.0,324.0,4.0,6.0,1,1.0,1.0,0,0,0,1,1,1
random_analysis,,random_v1_102,random_v1,E->A|evm|fund:ea,,,,CTLCOnly,pair_summary,,,1.0,1.0,1.0,single-level,False,False,0.0,1100987,,64620.0,64620.0,59561.0,,,,True,,,/home/aothuatgiadp/blockchain/project/CTLC-Implementation/paper2/data/raw/random_runs/random_v1_102/analysis.csv,,2.0,292.0,292.0,4.0,4.0,1,1.0,1.0,0,0,0,1,1,1
random_analysis,,random_v1_103,random_v1,B->A|evm|fund:ba,,,,CTLCOnly,pair_summary,,,1.0,1.0,1.0,single-level,False,False,0.0,1100963,,64620.0,64620.0,59561.0,,,,True,,,/home/aothuatgiadp/blockchain/project/CTLC-Implementation/paper2/data/raw/random_runs/random_v1_103/analysis.csv,,2.0,292.0,292.0,4.0,4.0,1,1.0,1.0,0,0,0,1,1,1
random_analysis,,random_v1_103,random_v1,B->C|evm|fund:bc,,,,CTLCOnly,pair_summary,,,2.0,2.0,1.0,multi-level,True,False,1.0,1330718,,77013.0,134111.0,112508.0,,,,True,,,/home/aothuatgiadp/blockchain/project/CTLC-Implementation/paper2/data/raw/random_runs/random_v1_103/analysis.csv,,3.0,388.0,424.0,40.0,6.0,1,2.0,2.0,0,0,0,1,1,1
random_analysis,,random_v1_103,random_v1,B->D|evm|fund:bd,,,,CTLCOnly,pair_summary,,,2.0,2.0,1.0,multi-level,True,False,1.0,1284894,,72850.0,129972.0,112508.0,,,,True,,,/home/aothuatgiadp/blockchain/project/CTLC-Implementation/paper2/data/raw/random_runs/random_v1_103/analysis.csv,,3.0,388.0,424.0,40.0,6.0,1,2.0,2.0,0,0,0,1,1,1
random_analysis,,random_v1_103,random_v1,B->E|evm|fund:be,,,,CTLCOnly,pair_summary,,,2.0,2.0,1.0,multi-level,True,False,1.0,1239046,,68747.0,125833.0,112508.0,,,,True,,,/home/aothuatgiadp/blockchain/project/CTLC-Implementation/paper2/data/raw/random_runs/random_v1_103/analysis.csv,,3.0,388.0,424.0,40.0,6.0,1,2.0,2.0,0,0,0,1,1,1
random_analysis,,random_v1_103,random_v1,C->D|evm|fund:cd,,,,CTLCOnly,pair_summary,,,2.0,2.0,1.0,multi-level,True,False,1.0,1284894,,72874.0,129972.0,112508.0,,,,True,,,/home/aothuatgiadp/blockchain/project/CTLC-Implementation/paper2/data/raw/random_runs/random_v1_103/analysis.csv,,3.0,388.0,424.0,40.0,6.0,1,2.0,2.0,0,0,0,1,1,1
random_analysis,,random_v1_103,random_v1,D->E|evm|fund:de,,,,CTLCOnly,pair_summary,,,2.0,2.0,1.0,multi-level,True,False,1.0,1239070,,68747.0,125821.0,112508.0,,,,True,,,/home/aothuatgiadp/blockchain/project/CTLC-Implementation/paper2/data/raw/random_runs/random_v1_103/analysis.csv,,3.0,388.0,424.0,40.0,6.0,1,2.0,2.0,0,0,0,1,1,1
random_analysis,,random_v1_103,random_v1,E->A|evm|fund:ea,,,,CTLCOnly,pair_summary,,,1.0,1.0,1.0,single-level,False,False,0.0,1100987,,64620.0,64620.0,59561.0,,,,True,,,/home/aothuatgiadp/blockchain/project/CTLC-Implementation/paper2/data/raw/random_runs/random_v1_103/analysis.csv,,2.0,292.0,292.0,4.0,4.0,1,1.0,1.0,0,0,0,1,1,1
random_analysis,,random_v1_103,random_v1,E->F|evm|fund:ef,,,,CTLCOnly,pair_summary,,,1.0,1.0,1.0,single-level,False,False,0.0,1123899,,68735.0,68735.0,59561.0,,,,True,,,/home/aothuatgiadp/blockchain/project/CTLC-Implementation/paper2/data/raw/random_runs/random_v1_103/analysis.csv,,2.0,292.0,292.0,4.0,4.0,1,1.0,1.0,0,0,0,1,1,1
random_analysis,,random_v1_103,random_v1,F->A|evm|fund:fa,,,,CTLCOnly,pair_summary,,,1.0,1.0,1.0,single-level,False,False,0.0,1100987,,64620.0,64620.0,59561.0,,,,True,,,/home/aothuatgiadp/blockchain/project/CTLC-Implementation/paper2/data/raw/random_runs/random_v1_103/analysis.csv,,2.0,292.0,292.0,4.0,4.0,1,1.0,1.0,0,0,0,1,1,1
random_analysis,,random_v1_105,random_v1,B->C|evm|fund:bc,,,,CTLCOnly,pair_summary,,,2.0,2.0,1.0,multi-level,True,False,1.0,1353618,,77013.0,138251.0,112508.0,,,,True,,,/home/aothuatgiadp/blockchain/project/CTLC-Implementation/paper2/data/raw/random_runs/random_v1_105/analysis.csv,,3.0,388.0,424.0,40.0,6.0,1,2.0,2.0,0,0,0,1,1,1
random_analysis,,random_v1_105,random_v1,C->D|evm|fund:cd,,,,CTLCOnly,pair_summary,,,2.0,2.0,1.0,multi-level,True,False,1.0,1307818,,72874.0,134123.0,112508.0,,,,True,,,/home/aothuatgiadp/blockchain/project/CTLC-Implementation/paper2/data/raw/random_runs/random_v1_105/analysis.csv,,3.0,388.0,424.0,40.0,6.0,1,2.0,2.0,0,0,0,1,1,1
random_analysis,,random_v1_105,random_v1,D->E|evm|fund:de,,,,CTLCOnly,pair_summary,,,1.0,1.0,1.0,single-level,False,False,0.0,1169723,,77001.0,77001.0,59561.0,,,,True,,,/home/aothuatgiadp/blockchain/project/CTLC-Implementation/paper2/data/raw/random_runs/random_v1_105/analysis.csv,,2.0,292.0,292.0,4.0,4.0,1,1.0,1.0,0,0,0,1,1,1
random_analysis,,random_v1_105,random_v1,D->G|evm|fund:dg,,,,CTLCOnly,pair_summary,,,1.0,1.0,1.0,single-level,False,False,0.0,1123899,,68735.0,68735.0,59561.0,,,,True,,,/home/aothuatgiadp/blockchain/project/CTLC-Implementation/paper2/data/raw/random_runs/random_v1_105/analysis.csv,,2.0,292.0,292.0,4.0,4.0,1,1.0,1.0,0,0,0,1,1,1
random_analysis,,random_v1_105,random_v1,E->F|evm|fund:ef,,,,CTLCOnly,pair_summary,,,2.0,2.0,1.0,multi-level,True,False,1.0,1284906,,72850.0,129960.0,112508.0,,,,True,,,/home/aothuatgiadp/blockchain/project/CTLC-Implementation/paper2/data/raw/random_runs/random_v1_105/analysis.csv,,3.0,388.0,424.0,40.0,6.0,1,2.0,2.0,0,0,0,1,1,1
random_analysis,,random_v1_105,random_v1,F->D|evm|fund:fd,,,,CTLCOnly,pair_summary,,,1.0,1.0,1.0,single-level,False,False,0.0,1146811,,72874.0,72874.0,59561.0,,,,True,,,/home/aothuatgiadp/blockchain/project/CTLC-Implementation/paper2/data/raw/random_runs/random_v1_105/analysis.csv,,2.0,292.0,292.0,4.0,4.0,1,1.0,1.0,0,0,0,1,1,1
random_analysis,,random_v1_105,random_v1,F->G|evm|fund:fg,,,,CTLCOnly,pair_summary,,,1.0,1.0,1.0,single-level,False,False,0.0,1123899,,68747.0,68747.0,59561.0,,,,True,,,/home/aothuatgiadp/blockchain/project/CTLC-Implementation/paper2/data/raw/random_runs/random_v1_105/analysis.csv,,2.0,292.0,292.0,4.0,4.0,1,1.0,1.0,0,0,0,1,1,1
random_analysis,,random_v1_105,random_v1,G->A|evm|fund:ga,,,,CTLCOnly,pair_summary,,,1.0,1.0,1.0,single-level,False,False,0.0,1100975,,64620.0,64620.0,59561.0,,,,True,,,/home/aothuatgiadp/blockchain/project/CTLC-Implementation/paper2/data/raw/random_runs/random_v1_105/analysis.csv,,2.0,292.0,292.0,4.0,4.0,1,1.0,1.0,0,0,0,1,1,1
random_analysis,,random_v1_106,random_v1,B->A|evm|fund:ba,,,,CTLCOnly,pair_summary,,,1.0,1.0,1.0,single-level,False,False,0.0,1100975,,64620.0,64620.0,59561.0,,,,True,,,/home/aothuatgiadp/blockchain/project/CTLC-Implementation/paper2/data/raw/random_runs/random_v1_106/analysis.csv,,2.0,292.0,292.0,4.0,4.0,1,1.0,1.0,0,0,0,1,1,1
random_analysis,,random_v1_106,random_v1,B->C|evm|fund:bc,,,,CTLCOnly,pair_summary,,,1.0,1.0,1.0,single-level,False,False,0.0,1146799,,72874.0,72874.0,59561.0,,,,True,,,/home/aothuatgiadp/blockchain/project/CTLC-Implementation/paper2/data/raw/random_runs/random_v1_106/analysis.csv,,2.0,292.0,292.0,4.0,4.0,1,1.0,1.0,0,0,0,1,1,1
random_analysis,,random_v1_106,random_v1,B->D|evm|fund:bd,,,,CTLCOnly,pair_summary,,,1.0,1.0,1.0,single-level,False,False,0.0,1123887,,68747.0,68747.0,59561.0,,,,True,,,/home/aothuatgiadp/blockchain/project/CTLC-Implementation/paper2/data/raw/random_runs/random_v1_106/analysis.csv,,2.0,292.0,292.0,4.0,4.0,1,1.0,1.0,0,0,0,1,1,1
random_analysis,,random_v1_106,random_v1,C->D|evm|fund:cd,,,,CTLCOnly,pair_summary,,,2.0,2.0,1.0,multi-level,True,False,1.0,1239082,,68747.0,125833.0,112508.0,,,,True,,,/home/aothuatgiadp/blockchain/project/CTLC-Implementation/paper2/data/raw/random_runs/random_v1_106/analysis.csv,,3.0,388.0,424.0,40.0,6.0,1,2.0,2.0,0,0,0,1,1,1
random_analysis,,random_v1_106,random_v1,D->A|evm|fund:da,,,,CTLCOnly,pair_summary,,,1.0,1.0,1.0,single-level,False,False,0.0,1100987,,64620.0,64620.0,59561.0,,,,True,,,/home/aothuatgiadp/blockchain/project/CTLC-Implementation/paper2/data/raw/random_runs/random_v1_106/analysis.csv,,2.0,292.0,292.0,4.0,4.0,1,1.0,1.0,0,0,0,1,1,1
random_analysis,,random_v1_106,random_v1,D->B|evm|fund:db,,,,CTLCOnly,pair_summary,,,1.0,1.0,1.0,single-level,False,False,0.0,1123887,,68747.0,68747.0,59561.0,,,,True,,,/home/aothuatgiadp/blockchain/project/CTLC-Implementation/paper2/data/raw/random_runs/random_v1_106/analysis.csv,,2.0,292.0,292.0,4.0,4.0,1,1.0,1.0,0,0,0,1,1,1
random_analysis,,random_v1_107,random_v1,B->A|evm|fund:ba,,,,CTLCMultipleEdges,pair_summary,,,1.0,2.0,2.0,single-level+multi-option,False,True,0.0,1193614,,67334.0,67334.0,59539.0,,,,True,,,/home/aothuatgiadp/blockchain/project/CTLC-Implementation/paper2/data/raw/random_runs/random_v1_107/analysis.csv,,2.0,324.0,324.0,4.0,6.0,1,1.0,1.0,0,0,0,1,1,1
random_analysis,,random_v1_107,random_v1,B->C|evm|fund:bc,,,,CTLCOnly,pair_summary,,,1.0,1.0,1.0,single-level,False,False,0.0,1192623,,81152.0,81152.0,59561.0,,,,True,,,/home/aothuatgiadp/blockchain/project/CTLC-Implementation/paper2/data/raw/random_runs/random_v1_107/analysis.csv,,2.0,292.0,292.0,4.0,4.0,1,1.0,1.0,0,0,0,1,1,1
random_analysis,,random_v1_107,random_v1,C->D|evm|fund:cd,,,,CTLCMultipleEdges,pair_summary,,,2.0,3.0,2.0,multi-level+multi-option,True,True,1.0,1446788,,75948.0,133204.0,112464.0,,,,True,,,/home/aothuatgiadp/blockchain/project/CTLC-Implementation/paper2/data/raw/random_runs/random_v1_107/analysis.csv,,3.0,420.0,456.0,40.0,8.0,1,2.0,2.0,0,0,0,1,1,1
random_analysis,,random_v1_107,random_v1,D->B|evm|fund:db,,,,CTLCMultipleEdges,pair_summary,,,1.0,2.0,2.0,single-level+multi-option,False,True,0.0,1239450,,71641.0,71641.0,59539.0,,,,True,,,/home/aothuatgiadp/blockchain/project/CTLC-Implementation/paper2/data/raw/random_runs/random_v1_107/analysis.csv,,2.0,324.0,324.0,4.0,6.0,1,1.0,1.0,0,0,0,1,1,1
random_analysis,,random_v1_107,random_v1,D->E|evm|fund:de,,,,CTLCOnly,pair_summary,,,1.0,1.0,1.0,single-level,False,False,0.0,1146811,,72874.0,72874.0,59561.0,,,,True,,,/home/aothuatgiadp/blockchain/project/CTLC-Implementation/paper2/data/raw/random_runs/random_v1_107/analysis.csv,,2.0,292.0,292.0,4.0,4.0,1,1.0,1.0,0,0,0,1,1,1
random_analysis,,random_v1_107,random_v1,E->F|evm|fund:ef,,,,CTLCMultipleEdges,pair_summary,,,2.0,3.0,2.0,multi-level+multi-option,True,True,1.0,1446788,,71629.0,133204.0,112464.0,,,,True,,,/home/aothuatgiadp/blockchain/project/CTLC-Implementation/paper2/data/raw/random_runs/random_v1_107/analysis.csv,,3.0,420.0,456.0,40.0,8.0,1,2.0,2.0,0,0,0,1,1,1
random_analysis,,random_v1_107,random_v1,F->A|evm|fund:fa,,,,CTLCOnly,pair_summary,,,1.0,1.0,1.0,single-level,False,False,0.0,1100987,,64620.0,64620.0,59561.0,,,,True,,,/home/aothuatgiadp/blockchain/project/CTLC-Implementation/paper2/data/raw/random_runs/random_v1_107/analysis.csv,,2.0,292.0,292.0,4.0,4.0,1,1.0,1.0,0,0,0,1,1,1
random_analysis,,random_v1_107,random_v1,F->D|evm|fund:fd,,,,CTLCMultipleEdges,pair_summary,,,1.0,2.0,2.0,single-level+multi-option,False,True,0.0,1285286,,75948.0,75948.0,59539.0,,,,True,,,/home/aothuatgiadp/blockchain/project/CTLC-Implementation/paper2/data/raw/random_runs/random_v1_107/analysis.csv,,2.0,324.0,324.0,4.0,6.0,1,1.0,1.0,0,0,0,1,1,1
random_analysis,,random_v1_108,random_v1,B->C|evm|fund:bc,,,,CTLCMultipleEdges,pair_summary,,,1.0,2.0,2.0,single-level+multi-option,False,True,0.0,1285262,,75948.0,75948.0,59539.0,,,,True,,,/home/aothuatgiadp/blockchain/project/CTLC-Implementation/paper2/data/raw/random_runs/random_v1_108/analysis.csv,,2.0,324.0,324.0,4.0,6.0,1,1.0,1.0,0,0,0,1,1,1
random_analysis,,random_v1_108,random_v1,C->D|evm|fund:cd,,,,CTLCOnly,pair_summary,,,1.0,1.0,1.0,single-level,False,False,0.0,1123899,,68747.0,68747.0,59561.0,,,,True,,,/home/aothuatgiadp/blockchain/project/CTLC-Implementation/paper2/data/raw/random_runs/random_v1_108/analysis.csv,,2.0,292.0,292.0,4.0,4.0,1,1.0,1.0,0,0,0,1,1,1
random_analysis,,random_v1_108,random_v1,D->A|evm|fund:da,,,,CTLCOnly,pair_summary,,,1.0,1.0,1.0,single-level,False,False,0.0,1100987,,64620.0,64620.0,59561.0,,,,True,,,/home/aothuatgiadp/blockchain/project/CTLC-Implementation/paper2/data/raw/random_runs/random_v1_108/analysis.csv,,2.0,292.0,292.0,4.0,4.0,1,1.0,1.0,0,0,0,1,1,1
random_analysis,,random_v1_11,random_v1,B->C|evm|fund:bc,,,,CTLCMultipleEdges,pair_summary,,,1.0,2.0,2.0,single-level+multi-option,False,True,0.0,1285262,,75948.0,75948.0,59539.0,,,,True,,,/home/aothuatgiadp/blockchain/project/CTLC-Implementation/paper2/data/raw/random_runs/random_v1_11/analysis.csv,,2.0,324.0,324.0,4.0,6.0,1,1.0,1.0,0,0,0,1,1,1
random_analysis,,random_v1_11,random_v1,C->D|evm|fund:cd,,,,CTLCOnly,pair_summary,,,1.0,1.0,1.0,single-level,False,False,0.0,1123899,,68747.0,68747.0,59561.0,,,,True,,,/home/aothuatgiadp/blockchain/project/CTLC-Implementation/paper2/data/raw/random_runs/random_v1_11/analysis.csv,,2.0,292.0,292.0,4.0,4.0,1,1.0,1.0,0,0,0,1,1,1
random_analysis,,random_v1_11,random_v1,D->A|evm|fund:da,,,,CTLCOnly,pair_summary,,,1.0,1.0,1.0,single-level,False,False,0.0,1100987,,64620.0,64620.0,59561.0,,,,True,,,/home/aothuatgiadp/blockchain/project/CTLC-Implementation/paper2/data/raw/random_runs/random_v1_11/analysis.csv,,2.0,292.0,292.0,4.0,4.0,1,1.0,1.0,0,0,0,1,1,1
random_analysis,,random_v1_110,random_v1,B->C|evm|fund:bc,,,,CTLCOnly,pair_summary,,,1.0,1.0,1.0,single-level,False,False,0.0,1146787,,72874.0,72874.0,59561.0,,,,True,,,/home/aothuatgiadp/blockchain/project/CTLC-Implementation/paper2/data/raw/random_runs/random_v1_110/analysis.csv,,2.0,292.0,292.0,4.0,4.0,1,1.0,1.0,0,0,0,1,1,1
random_analysis,,random_v1_110,random_v1,C->D|evm|fund:cd,,,,CTLCOnly,pair_summary,,,1.0,1.0,1.0,single-level,False,False,0.0,1123899,,68747.0,68747.0,59561.0,,,,True,,,/home/aothuatgiadp/blockchain/project/CTLC-Implementation/paper2/data/raw/random_runs/random_v1_110/analysis.csv,,2.0,292.0,292.0,4.0,4.0,1,1.0,1.0,0,0,0,1,1,1
random_analysis,,random_v1_110,random_v1,D->A|evm|fund:da,,,,CTLCOnly,pair_summary,,,1.0,1.0,1.0,single-level,False,False,0.0,1100987,,64620.0,64620.0,59561.0,,,,True,,,/home/aothuatgiadp/blockchain/project/CTLC-Implementation/paper2/data/raw/random_runs/random_v1_110/analysis.csv,,2.0,292.0,292.0,4.0,4.0,1,1.0,1.0,0,0,0,1,1,1
random_analysis,,random_v1_112,random_v1,B->C|evm|fund:bc,,,,CTLCMultipleEdges,pair_summary,,,2.0,3.0,2.0,multi-level+multi-option,True,True,1.0,1607172,,84598.0,141831.0,112464.0,,,,True,,,/home/aothuatgiadp/blockchain/project/CTLC-Implementation/paper2/data/raw/random_runs/random_v1_112/analysis.csv,,3.0,420.0,456.0,40.0,8.0,1,2.0,2.0,0,0,0,1,1,1
random_analysis,,random_v1_112,random_v1,C->D|evm|fund:cd,,,,CTLCMultipleEdges,pair_summary,,,2.0,3.0,2.0,multi-level+multi-option,True,True,1.0,1538424,,80267.0,137535.0,112464.0,,,,True,,,/home/aothuatgiadp/blockchain/project/CTLC-Implementation/paper2/data/raw/random_runs/random_v1_112/analysis.csv,,3.0,420.0,456.0,40.0,8.0,1,2.0,2.0,0,0,0,1,1,1
random_analysis,,random_v1_112,random_v1,D->E|evm|fund:de,,,,CTLCMultipleEdges,pair_summary,,,2.0,3.0,2.0,multi-level+multi-option,True,True,1.0,1469688,,75948.0,133204.0,112464.0,,,,True,,,/home/aothuatgiadp/blockchain/project/CTLC-Implementation/paper2/data/raw/random_runs/random_v1_112/analysis.csv,,3.0,420.0,456.0,40.0,8.0,1,2.0,2.0,0,0,0,1,1,1
random_analysis,,random_v1_112,random_v1,E->F|evm|fund:ef,,,,CTLCMultipleEdges,pair_summary,,,2.0,3.0,2.0,multi-level+multi-option,True,True,1.0,1400964,,71641.0,128873.0,112464.0,,,,True,,,/home/aothuatgiadp/blockchain/project/CTLC-Implementation/paper2/data/raw/random_runs/random_v1_112/analysis.csv,,3.0,420.0,456.0,40.0,8.0,1,2.0,2.0,0,0,0,1,1,1
random_analysis,,random_v1_112,random_v1,F->A|evm|fund:fa,,,,CTLCOnly,pair_summary,,,1.0,1.0,1.0,single-level,False,False,0.0,1100987,,64620.0,64620.0,59561.0,,,,True,,,/home/aothuatgiadp/blockchain/project/CTLC-Implementation/paper2/data/raw/random_runs/random_v1_112/analysis.csv,,2.0,292.0,292.0,4.0,4.0,1,1.0,1.0,0,0,0,1,1,1
random_analysis,,random_v1_112,random_v1,F->G|evm|fund:fg,,,,CTLCMultipleEdges,pair_summary,,,1.0,2.0,2.0,single-level+multi-option,False,True,0.0,1239450,,71641.0,71641.0,59539.0,,,,True,,,/home/aothuatgiadp/blockchain/project/CTLC-Implementation/paper2/data/raw/random_runs/random_v1_112/analysis.csv,,2.0,324.0,324.0,4.0,6.0,1,1.0,1.0,0,0,0,1,1,1
random_analysis,,random_v1_112,random_v1,G->A|evm|fund:ga,,,,CTLCOnly,pair_summary,,,1.0,1.0,1.0,single-level,False,False,0.0,1100975,,64620.0,64620.0,59561.0,,,,True,,,/home/aothuatgiadp/blockchain/project/CTLC-Implementation/paper2/data/raw/random_runs/random_v1_112/analysis.csv,,2.0,292.0,292.0,4.0,4.0,1,1.0,1.0,0,0,0,1,1,1
random_analysis,,random_v1_112,random_v1,G->F|evm|fund:gf,,,,CTLCMultipleEdges,pair_summary,,,1.0,2.0,2.0,single-level+multi-option,False,True,0.0,1239462,,71641.0,71641.0,59539.0,,,,True,,,/home/aothuatgiadp/blockchain/project/CTLC-Implementation/paper2/data/raw/random_runs/random_v1_112/analysis.csv,,2.0,324.0,324.0,4.0,6.0,1,1.0,1.0,0,0,0,1,1,1
random_analysis,,random_v1_113,random_v1,B->C|evm|fund:bc,,,,CTLCMultipleEdges,pair_summary,,,2.0,4.0,2.0,multi-level+multi-option,True,True,1.0,1653479,,80267.0,137535.0,112464.0,,,,True,,,/home/aothuatgiadp/blockchain/project/CTLC-Implementation/paper2/data/raw/random_runs/random_v1_113/analysis.csv,,3.0,420.0,456.0,40.0,9.0,1,2.0,2.0,0,0,0,1,1,1
random_analysis,,random_v1_113,random_v1,B->E|evm|fund:be,,,,CTLCOnly,pair_summary,,,2.0,2.0,1.0,multi-level,True,False,1.0,1239070,,68747.0,125833.0,112508.0,,,,True,,,/home/aothuatgiadp/blockchain/project/CTLC-Implementation/paper2/data/raw/random_runs/random_v1_113/analysis.csv,,3.0,388.0,424.0,40.0,6.0,1,2.0,2.0,0,0,0,1,1,1
random_analysis,,random_v1_113,random_v1,B->F|evm|fund:bf,,,,CTLCOnly,pair_summary,,,1.0,1.0,1.0,single-level,False,False,0.0,1123887,,68747.0,68747.0,59561.0,,,,True,,,/home/aothuatgiadp/blockchain/project/CTLC-Implementation/paper2/data/raw/random_runs/random_v1_113/analysis.csv,,2.0,292.0,292.0,4.0,4.0,1,1.0,1.0,0,0,0,1,1,1
random_analysis,,random_v1_113,random_v1,C->B|evm|fund:cb,,,,CTLCMultipleEdges,pair_summary,,,2.0,3.0,2.0,multi-level+multi-option,True,True,1.0,1446776,,75948.0,133204.0,112464.0,,,,True,,,/home/aothuatgiadp/blockchain/project/CTLC-Implementation/paper2/data/raw/random_runs/random_v1_113/analysis.csv,,3.0,420.0,456.0,40.0,8.0,1,2.0,2.0,0,0,0,1,1,1
random_analysis,,random_v1_113,random_v1,C->D|evm|fund:cd,,,,CTLCMultipleEdges,pair_summary,,,2.0,4.0,2.0,multi-level+multi-option,True,True,1.0,1561819,,75948.0,133204.0,112464.0,,,,True,,,/home/aothuatgiadp/blockchain/project/CTLC-Implementation/paper2/data/raw/random_runs/random_v1_113/analysis.csv,,3.0,420.0,456.0,40.0,9.0,1,2.0,2.0,0,0,0,1,1,1
random_analysis,,random_v1_113,random_v1,D->E|evm|fund:de,,,,CTLCOnly,pair_summary,,,2.0,2.0,1.0,multi-level,True,False,1.0,1239070,,68747.0,125833.0,112508.0,,,,True,,,/home/aothuatgiadp/blockchain/project/CTLC-Implementation/paper2/data/raw/random_runs/random_v1_113/analysis.csv,,3.0,388.0,424.0,40.0,6.0,1,2.0,2.0,0,0,0,1,1,1
random_analysis,,random_v1_113,random_v1,E->A|evm|fund:ea,,,,CTLCOnly,pair_summary,,,1.0,1.0,1.0,single-level,False,False,0.0,1100987,,64620.0,64620.0,59561.0,,,,True,,,/home/aothuatgiadp/blockchain/project/CTLC-Implementation/paper2/data/raw/random_runs/random_v1_113/analysis.csv,,2.0,292.0,292.0,4.0,4.0,1,1.0,1.0,0,0,0,1,1,1
random_analysis,,random_v1_113,random_v1,E->F|evm|fund:ef,,,,CTLCOnly,pair_summary,,,1.0,1.0,1.0,single-level,False,False,0.0,1123887,,68735.0,68735.0,59561.0,,,,True,,,/home/aothuatgiadp/blockchain/project/CTLC-Implementation/paper2/data/raw/random_runs/random_v1_113/analysis.csv,,2.0,292.0,292.0,4.0,4.0,1,1.0,1.0,0,0,0,1,1,1
random_analysis,,random_v1_113,random_v1,F->A|evm|fund:fa,,,,CTLCOnly,pair_summary,,,1.0,1.0,1.0,single-level,False,False,0.0,1100987,,64620.0,64620.0,59561.0,,,,True,,,/home/aothuatgiadp/blockchain/project/CTLC-Implementation/paper2/data/raw/random_runs/random_v1_113/analysis.csv,,2.0,292.0,292.0,4.0,4.0,1,1.0,1.0,0,0,0,1,1,1
random_analysis,,random_v1_114,random_v1,B->C|evm|fund:bc,,,,CTLCMultipleEdges,pair_summary,,,2.0,4.0,2.0,multi-level+multi-option,True,True,1.0,1653515,,75948.0,141843.0,112464.0,,,,True,,,/home/aothuatgiadp/blockchain/project/CTLC-Implementation/paper2/data/raw/random_runs/random_v1_114/analysis.csv,,3.0,420.0,456.0,40.0,9.0,1,2.0,2.0,0,0,0,1,1,1
random_analysis,,random_v1_114,random_v1,B->E|evm|fund:be,,,,CTLCMultipleEdges,pair_summary,,,1.0,2.0,2.0,single-level+multi-option,False,True,0.0,1331074,,80267.0,80267.0,59539.0,,,,True,,,/home/aothuatgiadp/blockchain/project/CTLC-Implementation/paper2/data/raw/random_runs/random_v1_114/analysis.csv,,2.0,324.0,324.0,4.0,6.0,1,1.0,1.0,0,0,0,1,1,1
random_analysis,,random_v1_114,random_v1,C->D|evm|fund:cd,,,,CTLCMultipleEdges,pair_summary,,,1.0,2.0,2.0,single-level+multi-option,False,True,0.0,1376922,,84598.0,84598.0,59539.0,,,,True,,,/home/aothuatgiadp/blockchain/project/CTLC-Implementation/paper2/data/raw/random_runs/random_v1_114/analysis.csv,,2.0,324.0,324.0,4.0,6.0,1,1.0,1.0,0,0,0,1,1,1
random_analysis,,random_v1_114,random_v1,C->G|evm|fund:cg,,,,CTLCMultipleEdges,pair_summary,,,1.0,2.0,2.0,single-level+multi-option,False,True,0.0,1239462,,71629.0,71629.0,59539.0,,,,True,,,/home/aothuatgiadp/blockchain/project/CTLC-Implementation/paper2/data/raw/random_runs/random_v1_114/analysis.csv,,2.0,324.0,324.0,4.0,6.0,1,1.0,1.0,0,0,0,1,1,1
random_analysis,,random_v1_114,random_v1,D->E|evm|fund:de,,,,CTLCMultipleEdges,pair_summary,,,1.0,2.0,2.0,single-level+multi-option,False,True,0.0,1331098,,80267.0,80267.0,59539.0,,,,True,,,/home/aothuatgiadp/blockchain/project/CTLC-Implementation/paper2/data/raw/random_runs/random_v1_114/analysis.csv,,2.0,324.0,324.0,4.0,6.0,1,1.0,1.0,0,0,0,1,1,1
random_analysis,,random_v1_114,random_v1,E->F|evm|fund:ef,,,,CTLCMultipleEdges,pair_summary,,,1.0,2.0,2.0,single-level+multi-option,False,True,0.0,1285286,,75948.0,75948.0,59539.0,,,,True,,,/home/aothuatgiadp/blockchain/project/CTLC-Implementation/paper2/data/raw/random_runs/random_v1_114/analysis.csv,,2.0,324.0,324.0,4.0,6.0,1,1.0,1.0,0,0,0,1,1,1
random_analysis,,random_v1_114,random_v1,F->G|evm|fund:fg,,,,CTLCMultipleEdges,pair_summary,,,1.0,2.0,2.0,single-level+multi-option,False,True,0.0,1239462,,71641.0,71641.0,59539.0,,,,True,,,/home/aothuatgiadp/blockchain/project/CTLC-Implementation/paper2/data/raw/random_runs/random_v1_114/analysis.csv,,2.0,324.0,324.0,4.0,6.0,1,1.0,1.0,0,0,0,1,1,1
random_analysis,,random_v1_114,random_v1,G->A|evm|fund:ga,,,,CTLCMultipleEdges,pair_summary,,,1.0,2.0,2.0,single-level+multi-option,False,True,0.0,1193626,,67334.0,67334.0,59539.0,,,,True,,,/home/aothuatgiadp/blockchain/project/CTLC-Implementation/paper2/data/raw/random_runs/random_v1_114/analysis.csv,,2.0,324.0,324.0,4.0,6.0,1,1.0,1.0,0,0,0,1,1,1
random_analysis,,random_v1_115,random_v1,B->C|evm|fund:bc,,,,CTLCMultipleEdges,pair_summary,,,2.0,4.0,2.0,multi-level+multi-option,True,True,1.0,1516031,,71641.0,133192.0,112464.0,,,,True,,,/home/aothuatgiadp/blockchain/project/CTLC-Implementation/paper2/data/raw/random_runs/random_v1_115/analysis.csv,,3.0,420.0,456.0,40.0,9.0,1,2.0,2.0,0,0,0,1,1,1
random_analysis,,random_v1_115,random_v1,B->D|evm|fund:bd,,,,CTLCMultipleEdges,pair_summary,,,1.0,3.0,3.0,single-level+multi-option,False,True,0.0,1377429,,75948.0,75948.0,59539.0,,,,True,,,/home/aothuatgiadp/blockchain/project/CTLC-Implementation/paper2/data/raw/random_runs/random_v1_115/analysis.csv,,2.0,324.0,324.0,4.0,7.0,1,1.0,1.0,0,0,0,1,1,1
random_analysis,,random_v1_115,random_v1,C->A|evm|fund:ca,,,,CTLCMultipleEdges,pair_summary,,,1.0,2.0,2.0,single-level+multi-option,False,True,0.0,1193638,,67334.0,67334.0,59539.0,,,,True,,,/home/aothuatgiadp/blockchain/project/CTLC-Implementation/paper2/data/raw/random_runs/random_v1_115/analysis.csv,,2.0,324.0,324.0,4.0,6.0,1,1.0,1.0,0,0,0,1,1,1
random_analysis,,random_v1_115,random_v1,C->B|evm|fund:cb,,,,CTLCOnly,pair_summary,,,1.0,1.0,1.0,single-level,False,False,0.0,1169699,,77013.0,77013.0,59561.0,,,,True,,,/home/aothuatgiadp/blockchain/project/CTLC-Implementation/paper2/data/raw/random_runs/random_v1_115/analysis.csv,,2.0,292.0,292.0,4.0,4.0,1,1.0,1.0,0,0,0,1,1,1
random_analysis,,random_v1_115,random_v1,C->D|evm|fund:cd,,,,CTLCMultipleEdges,pair_summary,,,1.0,2.0,2.0,single-level+multi-option,False,True,0.0,1285262,,75948.0,75948.0,59539.0,,,,True,,,/home/aothuatgiadp/blockchain/project/CTLC-Implementation/paper2/data/raw/random_runs/random_v1_115/analysis.csv,,2.0,324.0,324.0,4.0,6.0,1,1.0,1.0,0,0,0,1,1,1
random_analysis,,random_v1_115,random_v1,D->C|evm|fund:dc,,,,CTLCMultipleEdges,pair_summary,,,1.0,2.0,2.0,single-level+multi-option,False,True,0.0,1239450,,71641.0,71641.0,59539.0,,,,True,,,/home/aothuatgiadp/blockchain/project/CTLC-Implementation/paper2/data/raw/random_runs/random_v1_115/analysis.csv,,2.0,324.0,324.0,4.0,6.0,1,1.0,1.0,0,0,0,1,1,1
random_analysis,,random_v1_115,random_v1,D->E|evm|fund:de,,,,CTLCOnly,pair_summary,,,1.0,1.0,1.0,single-level,False,False,0.0,1123899,,68747.0,68747.0,59561.0,,,,True,,,/home/aothuatgiadp/blockchain/project/CTLC-Implementation/paper2/data/raw/random_runs/random_v1_115/analysis.csv,,2.0,292.0,292.0,4.0,4.0,1,1.0,1.0,0,0,0,1,1,1
random_analysis,,random_v1_115,random_v1,E->A|evm|fund:ea,,,,CTLCOnly,pair_summary,,,1.0,1.0,1.0,single-level,False,False,0.0,1100987,,64620.0,64620.0,59561.0,,,,True,,,/home/aothuatgiadp/blockchain/project/CTLC-Implementation/paper2/data/raw/random_runs/random_v1_115/analysis.csv,,2.0,292.0,292.0,4.0,4.0,1,1.0,1.0,0,0,0,1,1,1
random_analysis,,random_v1_115,random_v1,E->D|evm|fund:ed,,,,CTLCMultipleEdges,pair_summary,,,1.0,2.0,2.0,single-level+multi-option,False,True,0.0,1285262,,75948.0,75948.0,59539.0,,,,True,,,/home/aothuatgiadp/blockchain/project/CTLC-Implementation/paper2/data/raw/random_runs/random_v1_115/analysis.csv,,2.0,324.0,324.0,4.0,6.0,1,1.0,1.0,0,0,0,1,1,1
random_analysis,,random_v1_116,random_v1,B->A|evm|fund:ba,,,,CTLCOnly,pair_summary,,,1.0,1.0,1.0,single-level,False,False,0.0,1100975,,64620.0,64620.0,59561.0,,,,True,,,/home/aothuatgiadp/blockchain/project/CTLC-Implementation/paper2/data/raw/random_runs/random_v1_116/analysis.csv,,2.0,292.0,292.0,4.0,4.0,1,1.0,1.0,0,0,0,1,1,1
random_analysis,,random_v1_116,random_v1,B->C|evm|fund:bc,,,,CTLCMultipleEdges,pair_summary,,,1.0,2.0,2.0,single-level+multi-option,False,True,0.0,1331098,,80267.0,80267.0,59539.0,,,,True,,,/home/aothuatgiadp/blockchain/project/CTLC-Implementation/paper2/data/raw/random_runs/random_v1_116/analysis.csv,,2.0,324.0,324.0,4.0,6.0,1,1.0,1.0,0,0,0,1,1,1
random_analysis,,random_v1_116,random_v1,C->B|evm|fund:cb,,,,CTLCOnly,pair_summary,,,1.0,1.0,1.0,single-level,False,False,0.0,1123887,,68747.0,68747.0,59561.0,,,,True,,,/home/aothuatgiadp/blockchain/project/CTLC-Implementation/paper2/data/raw/random_runs/random_v1_116/analysis.csv,,2.0,292.0,292.0,4.0,4.0,1,1.0,1.0,0,0,0,1,1,1
random_analysis,,random_v1_116,random_v1,C->D|evm|fund:cd,,,,CTLCOnly,pair_summary,,,1.0,1.0,1.0,single-level,False,False,0.0,1146811,,72874.0,72874.0,59561.0,,,,True,,,/home/aothuatgiadp/blockchain/project/CTLC-Implementation/paper2/data/raw/random_runs/random_v1_116/analysis.csv,,2.0,292.0,292.0,4.0,4.0,1,1.0,1.0,0,0,0,1,1,1
random_analysis,,random_v1_116,random_v1,D->E|evm|fund:de,,,,CTLCOnly,pair_summary,,,1.0,1.0,1.0,single-level,False,False,0.0,1123899,,68747.0,68747.0,59561.0,,,,True,,,/home/aothuatgiadp/blockchain/project/CTLC-Implementation/paper2/data/raw/random_runs/random_v1_116/analysis.csv,,2.0,292.0,292.0,4.0,4.0,1,1.0,1.0,0,0,0,1,1,1
random_analysis,,random_v1_116,random_v1,E->A|evm|fund:ea,,,,CTLCOnly,pair_summary,,,1.0,1.0,1.0,single-level,False,False,0.0,1100987,,64620.0,64620.0,59561.0,,,,True,,,/home/aothuatgiadp/blockchain/project/CTLC-Implementation/paper2/data/raw/random_runs/random_v1_116/analysis.csv,,2.0,292.0,292.0,4.0,4.0,1,1.0,1.0,0,0,0,1,1,1
random_analysis,,random_v1_117,random_v1,B->C|evm|fund:bc,,,,CTLCMultipleEdges,pair_summary,,,1.0,4.0,4.0,single-level+multi-option,False,True,0.0,1744528,,88906.0,88906.0,59539.0,,,,True,,,/home/aothuatgiadp/blockchain/project/CTLC-Implementation/paper2/data/raw/random_runs/random_v1_117/analysis.csv,,2.0,324.0,324.0,4.0,8.0,1,1.0,1.0,0,0,0,1,1,1
random_analysis,,random_v1_117,random_v1,B->F|evm|fund:bf,,,,CTLCMultipleEdges,pair_summary,,,1.0,2.0,2.0,single-level+multi-option,False,True,0.0,1285274,,75948.0,75948.0,59539.0,,,,True,,,/home/aothuatgiadp/blockchain/project/CTLC-Implementation/paper2/data/raw/random_runs/random_v1_117/analysis.csv,,2.0,324.0,324.0,4.0,6.0,1,1.0,1.0,0,0,0,1,1,1
random_analysis,,random_v1_117,random_v1,C->D|evm|fund:cd,,,,CTLCMultipleEdges,pair_summary,,,1.0,4.0,4.0,single-level+multi-option,False,True,0.0,1652856,,84598.0,84598.0,59539.0,,,,True,,,/home/aothuatgiadp/blockchain/project/CTLC-Implementation/paper2/data/raw/random_runs/random_v1_117/analysis.csv,,2.0,324.0,324.0,4.0,8.0,1,1.0,1.0,0,0,0,1,1,1
random_analysis,,random_v1_117,random_v1,D->E|evm|fund:de,,,,CTLCMultipleEdges,pair_summary,,,1.0,4.0,4.0,single-level+multi-option,False,True,0.0,1561268,,80267.0,80267.0,59539.0,,,,True,,,/home/aothuatgiadp/blockchain/project/CTLC-Implementation/paper2/data/raw/random_runs/random_v1_117/analysis.csv,,2.0,324.0,324.0,4.0,8.0,1,1.0,1.0,0,0,0,1,1,1
random_analysis,,random_v1_117,random_v1,E->F|evm|fund:ef,,,,CTLCMultipleEdges,pair_summary,,,1.0,2.0,2.0,single-level+multi-option,False,True,0.0,1285286,,75948.0,75948.0,59539.0,,,,True,,,/home/aothuatgiadp/blockchain/project/CTLC-Implementation/paper2/data/raw/random_runs/random_v1_117/analysis.csv,,2.0,324.0,324.0,4.0,6.0,1,1.0,1.0,0,0,0,1,1,1
random_analysis,,random_v1_117,random_v1,F->G|evm|fund:fg,,,,CTLCMultipleEdges,pair_summary,,,1.0,2.0,2.0,single-level+multi-option,False,True,0.0,1239462,,71641.0,71641.0,59539.0,,,,True,,,/home/aothuatgiadp/blockchain/project/CTLC-Implementation/paper2/data/raw/random_runs/random_v1_117/analysis.csv,,2.0,324.0,324.0,4.0,6.0,1,1.0,1.0,0,0,0,1,1,1
random_analysis,,random_v1_117,random_v1,G->A|evm|fund:ga,,,,CTLCMultipleEdges,pair_summary,,,1.0,2.0,2.0,single-level+multi-option,False,True,0.0,1193626,,67334.0,67334.0,59539.0,,,,True,,,/home/aothuatgiadp/blockchain/project/CTLC-Implementation/paper2/data/raw/random_runs/random_v1_117/analysis.csv,,2.0,324.0,324.0,4.0,6.0,1,1.0,1.0,0,0,0,1,1,1
random_analysis,,random_v1_119,random_v1,B->A|evm|fund:ba,,,,CTLCOnly,pair_summary,,,1.0,1.0,1.0,single-level,False,False,0.0,1100975,,64620.0,64620.0,59561.0,,,,True,,,/home/aothuatgiadp/blockchain/project/CTLC-Implementation/paper2/data/raw/random_runs/random_v1_119/analysis.csv,,2.0,292.0,292.0,4.0,4.0,1,1.0,1.0,0,0,0,1,1,1
random_analysis,,random_v1_119,random_v1,B->C|evm|fund:bc,,,,CTLCOnly,pair_summary,,,1.0,1.0,1.0,single-level,False,False,0.0,1146787,,72874.0,72874.0,59561.0,,,,True,,,/home/aothuatgiadp/blockchain/project/CTLC-Implementation/paper2/data/raw/random_runs/random_v1_119/analysis.csv,,2.0,292.0,292.0,4.0,4.0,1,1.0,1.0,0,0,0,1,1,1
random_analysis,,random_v1_119,random_v1,B->D|evm|fund:bd,,,,CTLCOnly,pair_summary,,,1.0,1.0,1.0,single-level,False,False,0.0,1123887,,68747.0,68747.0,59561.0,,,,True,,,/home/aothuatgiadp/blockchain/project/CTLC-Implementation/paper2/data/raw/random_runs/random_v1_119/analysis.csv,,2.0,292.0,292.0,4.0,4.0,1,1.0,1.0,0,0,0,1,1,1
random_analysis,,random_v1_119,random_v1,C->D|evm|fund:cd,,,,CTLCOnly,pair_summary,,,1.0,1.0,1.0,single-level,False,False,0.0,1123899,,68747.0,68747.0,59561.0,,,,True,,,/home/aothuatgiadp/blockchain/project/CTLC-Implementation/paper2/data/raw/random_runs/random_v1_119/analysis.csv,,2.0,292.0,292.0,4.0,4.0,1,1.0,1.0,0,0,0,1,1,1
random_analysis,,random_v1_119,random_v1,D->A|evm|fund:da,,,,CTLCOnly,pair_summary,,,1.0,1.0,1.0,single-level,False,False,0.0,1100987,,64620.0,64620.0,59561.0,,,,True,,,/home/aothuatgiadp/blockchain/project/CTLC-Implementation/paper2/data/raw/random_runs/random_v1_119/analysis.csv,,2.0,292.0,292.0,4.0,4.0,1,1.0,1.0,0,0,0,1,1,1
random_analysis,,random_v1_12,random_v1,B->C|evm|fund:bc,,,,CTLCOnly,pair_summary,,,2.0,2.0,1.0,multi-level,True,False,1.0,1330706,,77013.0,134123.0,112508.0,,,,True,,,/home/aothuatgiadp/blockchain/project/CTLC-Implementation/paper2/data/raw/random_runs/random_v1_12/analysis.csv,,3.0,388.0,424.0,40.0,6.0,1,2.0,2.0,0,0,0,1,1,1
random_analysis,,random_v1_12,random_v1,B->D|evm|fund:bd,,,,CTLCOnly,pair_summary,,,1.0,1.0,1.0,single-level,False,False,0.0,1169711,,76989.0,76989.0,59561.0,,,,True,,,/home/aothuatgiadp/blockchain/project/CTLC-Implementation/paper2/data/raw/random_runs/random_v1_12/analysis.csv,,2.0,292.0,292.0,4.0,4.0,1,1.0,1.0,0,0,0,1,1,1
random_analysis,,random_v1_12,random_v1,C->D|evm|fund:cd,,,,CTLCOnly,pair_summary,,,1.0,1.0,1.0,single-level,False,False,0.0,1169723,,77013.0,77013.0,59561.0,,,,True,,,/home/aothuatgiadp/blockchain/project/CTLC-Implementation/paper2/data/raw/random_runs/random_v1_12/analysis.csv,,2.0,292.0,292.0,4.0,4.0,1,1.0,1.0,0,0,0,1,1,1
random_analysis,,random_v1_12,random_v1,C->E|evm|fund:ce,,,,CTLCOnly,pair_summary,,,1.0,1.0,1.0,single-level,False,False,0.0,1146811,,72874.0,72874.0,59561.0,,,,True,,,/home/aothuatgiadp/blockchain/project/CTLC-Implementation/paper2/data/raw/random_runs/random_v1_12/analysis.csv,,2.0,292.0,292.0,4.0,4.0,1,1.0,1.0,0,0,0,1,1,1
random_analysis,,random_v1_12,random_v1,D->B|evm|fund:db,,,,CTLCOnly,pair_summary,,,1.0,1.0,1.0,single-level,False,False,0.0,1192623,,81164.0,81164.0,59561.0,,,,True,,,/home/aothuatgiadp/blockchain/project/CTLC-Implementation/paper2/data/raw/random_runs/random_v1_12/analysis.csv,,2.0,292.0,292.0,4.0,4.0,1,1.0,1.0,0,0,0,1,1,1
random_analysis,,random_v1_12,random_v1,D->E|evm|fund:de,,,,CTLCOnly,pair_summary,,,1.0,1.0,1.0,single-level,False,False,0.0,1146811,,72874.0,72874.0,59561.0,,,,True,,,/home/aothuatgiadp/blockchain/project/CTLC-Implementation/paper2/data/raw/random_runs/random_v1_12/analysis.csv,,2.0,292.0,292.0,4.0,4.0,1,1.0,1.0,0,0,0,1,1,1
random_analysis,,random_v1_12,random_v1,E->F|evm|fund:ef,,,,CTLCOnly,pair_summary,,,1.0,1.0,1.0,single-level,False,False,0.0,1123899,,68735.0,68735.0,59561.0,,,,True,,,/home/aothuatgiadp/blockchain/project/CTLC-Implementation/paper2/data/raw/random_runs/random_v1_12/analysis.csv,,2.0,292.0,292.0,4.0,4.0,1,1.0,1.0,0,0,0,1,1,1
random_analysis,,random_v1_12,random_v1,F->A|evm|fund:fa,,,,CTLCOnly,pair_summary,,,1.0,1.0,1.0,single-level,False,False,0.0,1100987,,64620.0,64620.0,59561.0,,,,True,,,/home/aothuatgiadp/blockchain/project/CTLC-Implementation/paper2/data/raw/random_runs/random_v1_12/analysis.csv,,2.0,292.0,292.0,4.0,4.0,1,1.0,1.0,0,0,0,1,1,1
random_analysis,,random_v1_121,random_v1,B->C|evm|fund:bc,,,,CTLCMultipleEdges,pair_summary,,,1.0,4.0,4.0,single-level+multi-option,False,True,0.0,1469572,,75948.0,75948.0,59539.0,,,,True,,,/home/aothuatgiadp/blockchain/project/CTLC-Implementation/paper2/data/raw/random_runs/random_v1_121/analysis.csv,,2.0,324.0,324.0,4.0,8.0,1,1.0,1.0,0,0,0,1,1,1
random_analysis,,random_v1_121,random_v1,C->D|evm|fund:cd,,,,CTLCMultipleEdges,pair_summary,,,1.0,2.0,2.0,single-level+multi-option,False,True,0.0,1239462,,71641.0,71641.0,59539.0,,,,True,,,/home/aothuatgiadp/blockchain/project/CTLC-Implementation/paper2/data/raw/random_runs/random_v1_121/analysis.csv,,2.0,324.0,324.0,4.0,6.0,1,1.0,1.0,0,0,0,1,1,1
random_analysis,,random_v1_121,random_v1,D->A|evm|fund:da,,,,CTLCOnly,pair_summary,,,1.0,1.0,1.0,single-level,False,False,0.0,1100987,,64620.0,64620.0,59561.0,,,,True,,,/home/aothuatgiadp/blockchain/project/CTLC-Implementation/paper2/data/raw/random_runs/random_v1_121/analysis.csv,,2.0,292.0,292.0,4.0,4.0,1,1.0,1.0,0,0,0,1,1,1
random_analysis,,random_v1_122,random_v1,B->C|evm|fund:bc,,,,CTLCMultipleEdges,pair_summary,,,1.0,2.0,2.0,single-level+multi-option,False,True,0.0,1331086,,80267.0,80267.0,59539.0,,,,True,,,/home/aothuatgiadp/blockchain/project/CTLC-Implementation/paper2/data/raw/random_runs/random_v1_122/analysis.csv,,2.0,324.0,324.0,4.0,6.0,1,1.0,1.0,0,0,0,1,1,1
random_analysis,,random_v1_122,random_v1,B->E|evm|fund:be,,,,CTLCOnly,pair_summary,,,1.0,1.0,1.0,single-level,False,False,0.0,1123887,,68747.0,68747.0,59561.0,,,,True,,,/home/aothuatgiadp/blockchain/project/CTLC-Implementation/paper2/data/raw/random_runs/random_v1_122/analysis.csv,,2.0,292.0,292.0,4.0,4.0,1,1.0,1.0,0,0,0,1,1,1
random_analysis,,random_v1_122,random_v1,C->D|evm|fund:cd,,,,CTLCMultipleEdges,pair_summary,,,1.0,2.0,2.0,single-level+multi-option,False,True,0.0,1285286,,75948.0,75948.0,59539.0,,,,True,,,/home/aothuatgiadp/blockchain/project/CTLC-Implementation/paper2/data/raw/random_runs/random_v1_122/analysis.csv,,2.0,324.0,324.0,4.0,6.0,1,1.0,1.0,0,0,0,1,1,1
random_analysis,,random_v1_122,random_v1,D->E|evm|fund:de,,,,CTLCMultipleEdges,pair_summary,,,1.0,2.0,2.0,single-level+multi-option,False,True,0.0,1239462,,71641.0,71641.0,59539.0,,,,True,,,/home/aothuatgiadp/blockchain/project/CTLC-Implementation/paper2/data/raw/random_runs/random_v1_122/analysis.csv,,2.0,324.0,324.0,4.0,6.0,1,1.0,1.0,0,0,0,1,1,1
random_analysis,,random_v1_122,random_v1,E->A|evm|fund:ea,,,,CTLCOnly,pair_summary,,,1.0,1.0,1.0,single-level,False,False,0.0,1100987,,64620.0,64620.0,59561.0,,,,True,,,/home/aothuatgiadp/blockchain/project/CTLC-Implementation/paper2/data/raw/random_runs/random_v1_122/analysis.csv,,2.0,292.0,292.0,4.0,4.0,1,1.0,1.0,0,0,0,1,1,1
random_analysis,,random_v1_124,random_v1,B->A|evm|fund:ba,,,,CTLCMultipleEdges,pair_summary,,,1.0,2.0,2.0,single-level+multi-option,False,True,0.0,1193614,,67334.0,67334.0,59539.0,,,,True,,,/home/aothuatgiadp/blockchain/project/CTLC-Implementation/paper2/data/raw/random_runs/random_v1_124/analysis.csv,,2.0,324.0,324.0,4.0,6.0,1,1.0,1.0,0,0,0,1,1,1
random_analysis,,random_v1_124,random_v1,B->C|evm|fund:bc,,,,CTLCMultipleEdges,pair_summary,,,1.0,3.0,3.0,single-level+multi-option,False,True,0.0,1446177,,80267.0,80267.0,59539.0,,,,True,,,/home/aothuatgiadp/blockchain/project/CTLC-Implementation/paper2/data/raw/random_runs/random_v1_124/analysis.csv,,2.0,324.0,324.0,4.0,7.0,1,1.0,1.0,0,0,0,1,1,1
random_analysis,,random_v1_124,random_v1,B->D|evm|fund:bd,,,,CTLCMultipleEdges,pair_summary,,,1.0,3.0,3.0,single-level+multi-option,False,True,0.0,1377429,,75948.0,75948.0,59539.0,,,,True,,,/home/aothuatgiadp/blockchain/project/CTLC-Implementation/paper2/data/raw/random_runs/random_v1_124/analysis.csv,,2.0,324.0,324.0,4.0,7.0,1,1.0,1.0,0,0,0,1,1,1
random_analysis,,random_v1_124,random_v1,C->D|evm|fund:cd,,,,CTLCMultipleEdges,pair_summary,,,1.0,3.0,3.0,single-level+multi-option,False,True,0.0,1377441,,75948.0,75948.0,59539.0,,,,True,,,/home/aothuatgiadp/blockchain/project/CTLC-Implementation/paper2/data/raw/random_runs/random_v1_124/analysis.csv,,2.0,324.0,324.0,4.0,7.0,1,1.0,1.0,0,0,0,1,1,1
random_analysis,,random_v1_124,random_v1,D->E|evm|fund:de,,,,CTLCMultipleEdges,pair_summary,,,1.0,3.0,3.0,single-level+multi-option,False,True,0.0,1308693,,71641.0,71641.0,59539.0,,,,True,,,/home/aothuatgiadp/blockchain/project/CTLC-Implementation/paper2/data/raw/random_runs/random_v1_124/analysis.csv,,2.0,324.0,324.0,4.0,7.0,1,1.0,1.0,0,0,0,1,1,1
random_analysis,,random_v1_124,random_v1,E->A|evm|fund:ea,,,,CTLCMultipleEdges,pair_summary,,,1.0,3.0,3.0,single-level+multi-option,False,True,0.0,1239957,,67334.0,67334.0,59539.0,,,,True,,,/home/aothuatgiadp/blockchain/project/CTLC-Implementation/paper2/data/raw/random_runs/random_v1_124/analysis.csv,,2.0,324.0,324.0,4.0,7.0,1,1.0,1.0,0,0,0,1,1,1
random_analysis,,random_v1_126,random_v1,B->C|evm|fund:bc,,,,CTLCMultipleEdges,pair_summary,,,2.0,4.0,2.0,multi-level+multi-option,True,True,1.0,1470207,,71641.0,128885.0,112464.0,,,,True,,,/home/aothuatgiadp/blockchain/project/CTLC-Implementation/paper2/data/raw/random_runs/random_v1_126/analysis.csv,,3.0,420.0,456.0,40.0,9.0,1,2.0,2.0,0,0,0,1,1,1
random_analysis,,random_v1_126,random_v1,C->A|evm|fund:ca,,,,CTLCOnly,pair_summary,,,1.0,1.0,1.0,single-level,False,False,0.0,1100987,,64620.0,64620.0,59561.0,,,,True,,,/home/aothuatgiadp/blockchain/project/CTLC-Implementation/paper2/data/raw/random_runs/random_v1_126/analysis.csv,,2.0,292.0,292.0,4.0,4.0,1,1.0,1.0,0,0,0,1,1,1
random_analysis,,random_v1_126,random_v1,C->D|evm|fund:cd,,,,CTLCOnly,pair_summary,,,1.0,1.0,1.0,single-level,False,False,0.0,1123887,,68747.0,68747.0,59561.0,,,,True,,,/home/aothuatgiadp/blockchain/project/CTLC-Implementation/paper2/data/raw/random_runs/random_v1_126/analysis.csv,,2.0,292.0,292.0,4.0,4.0,1,1.0,1.0,0,0,0,1,1,1
random_analysis,,random_v1_126,random_v1,D->A|evm|fund:da,,,,CTLCOnly,pair_summary,,,1.0,1.0,1.0,single-level,False,False,0.0,1100987,,64620.0,64620.0,59561.0,,,,True,,,/home/aothuatgiadp/blockchain/project/CTLC-Implementation/paper2/data/raw/random_runs/random_v1_126/analysis.csv,,2.0,292.0,292.0,4.0,4.0,1,1.0,1.0,0,0,0,1,1,1
random_analysis,,random_v1_126,random_v1,D->C|evm|fund:dc,,,,CTLCOnly,pair_summary,,,1.0,1.0,1.0,single-level,False,False,0.0,1123887,,68747.0,68747.0,59561.0,,,,True,,,/home/aothuatgiadp/blockchain/project/CTLC-Implementation/paper2/data/raw/random_runs/random_v1_126/analysis.csv,,2.0,292.0,292.0,4.0,4.0,1,1.0,1.0,0,0,0,1,1,1
random_analysis,,random_v1_128,random_v1,B->C|evm|fund:bc,,,,CTLCMultipleEdges,pair_summary,,,1.0,2.0,2.0,single-level+multi-option,False,True,0.0,1285262,,75948.0,75948.0,59539.0,,,,True,,,/home/aothuatgiadp/blockchain/project/CTLC-Implementation/paper2/data/raw/random_runs/random_v1_128/analysis.csv,,2.0,324.0,324.0,4.0,6.0,1,1.0,1.0,0,0,0,1,1,1
random_analysis,,random_v1_128,random_v1,C->D|evm|fund:cd,,,,CTLCOnly,pair_summary,,,1.0,1.0,1.0,single-level,False,False,0.0,1123899,,68747.0,68747.0,59561.0,,,,True,,,/home/aothuatgiadp/blockchain/project/CTLC-Implementation/paper2/data/raw/random_runs/random_v1_128/analysis.csv,,2.0,292.0,292.0,4.0,4.0,1,1.0,1.0,0,0,0,1,1,1
random_analysis,,random_v1_128,random_v1,D->A|evm|fund:da,,,,CTLCOnly,pair_summary,,,1.0,1.0,1.0,single-level,False,False,0.0,1100987,,64620.0,64620.0,59561.0,,,,True,,,/home/aothuatgiadp/blockchain/project/CTLC-Implementation/paper2/data/raw/random_runs/random_v1_128/analysis.csv,,2.0,292.0,292.0,4.0,4.0,1,1.0,1.0,0,0,0,1,1,1
random_analysis,,random_v1_129,random_v1,B->C|evm|fund:bc,,,,CTLCMultipleEdges,pair_summary,,,1.0,2.0,2.0,single-level+multi-option,False,True,0.0,1422734,,88906.0,88906.0,59539.0,,,,True,,,/home/aothuatgiadp/blockchain/project/CTLC-Implementation/paper2/data/raw/random_runs/random_v1_129/analysis.csv,,2.0,324.0,324.0,4.0,6.0,1,1.0,1.0,0,0,0,1,1,1
random_analysis,,random_v1_129,random_v1,B->F|evm|fund:bf,,,,CTLCOnly,pair_summary,,,1.0,1.0,1.0,single-level,False,False,0.0,1146787,,72862.0,72862.0,59561.0,,,,True,,,/home/aothuatgiadp/blockchain/project/CTLC-Implementation/paper2/data/raw/random_runs/random_v1_129/analysis.csv,,2.0,292.0,292.0,4.0,4.0,1,1.0,1.0,0,0,0,1,1,1
random_analysis,,random_v1_129,random_v1,C->D|evm|fund:cd,,,,CTLCMultipleEdges,pair_summary,,,1.0,2.0,2.0,single-level+multi-option,False,True,0.0,1376922,,84598.0,84598.0,59539.0,,,,True,,,/home/aothuatgiadp/blockchain/project/CTLC-Implementation/paper2/data/raw/random_runs/random_v1_129/analysis.csv,,2.0,324.0,324.0,4.0,6.0,1,1.0,1.0,0,0,0,1,1,1
random_analysis,,random_v1_129,random_v1,D->E|evm|fund:de,,,,CTLCMultipleEdges,pair_summary,,,1.0,2.0,2.0,single-level+multi-option,False,True,0.0,1331098,,80267.0,80267.0,59539.0,,,,True,,,/home/aothuatgiadp/blockchain/project/CTLC-Implementation/paper2/data/raw/random_runs/random_v1_129/analysis.csv,,2.0,324.0,324.0,4.0,6.0,1,1.0,1.0,0,0,0,1,1,1
random_analysis,,random_v1_129,random_v1,E->F|evm|fund:ef,,,,CTLCOnly,pair_summary,,,1.0,1.0,1.0,single-level,False,False,0.0,1146811,,72862.0,72862.0,59561.0,,,,True,,,/home/aothuatgiadp/blockchain/project/CTLC-Implementation/paper2/data/raw/random_runs/random_v1_129/analysis.csv,,2.0,292.0,292.0,4.0,4.0,1,1.0,1.0,0,0,0,1,1,1
random_analysis,,random_v1_129,random_v1,F->G|evm|fund:fg,,,,CTLCOnly,pair_summary,,,1.0,1.0,1.0,single-level,False,False,0.0,1123899,,68747.0,68747.0,59561.0,,,,True,,,/home/aothuatgiadp/blockchain/project/CTLC-Implementation/paper2/data/raw/random_runs/random_v1_129/analysis.csv,,2.0,292.0,292.0,4.0,4.0,1,1.0,1.0,0,0,0,1,1,1
random_analysis,,random_v1_129,random_v1,G->A|evm|fund:ga,,,,CTLCOnly,pair_summary,,,1.0,1.0,1.0,single-level,False,False,0.0,1100975,,64620.0,64620.0,59561.0,,,,True,,,/home/aothuatgiadp/blockchain/project/CTLC-Implementation/paper2/data/raw/random_runs/random_v1_129/analysis.csv,,2.0,292.0,292.0,4.0,4.0,1,1.0,1.0,0,0,0,1,1,1
random_analysis,,random_v1_130,random_v1,B->C|evm|fund:bc,,,,CTLCOnly,pair_summary,,,2.0,2.0,1.0,multi-level,True,False,1.0,1330718,,77013.0,134123.0,112508.0,,,,True,,,/home/aothuatgiadp/blockchain/project/CTLC-Implementation/paper2/data/raw/random_runs/random_v1_130/analysis.csv,,3.0,388.0,424.0,40.0,6.0,1,2.0,2.0,0,0,0,1,1,1
random_analysis,,random_v1_130,random_v1,B->E|evm|fund:be,,,,CTLCOnly,pair_summary,,,1.0,1.0,1.0,single-level,False,False,0.0,1146799,,72874.0,72874.0,59561.0,,,,True,,,/home/aothuatgiadp/blockchain/project/CTLC-Implementation/paper2/data/raw/random_runs/random_v1_130/analysis.csv,,2.0,292.0,292.0,4.0,4.0,1,1.0,1.0,0,0,0,1,1,1
random_analysis,,random_v1_130,random_v1,B->F|evm|fund:bf,,,,CTLCOnly,pair_summary,,,1.0,1.0,1.0,single-level,False,False,0.0,1123887,,68747.0,68747.0,59561.0,,,,True,,,/home/aothuatgiadp/blockchain/project/CTLC-Implementation/paper2/data/raw/random_runs/random_v1_130/analysis.csv,,2.0,292.0,292.0,4.0,4.0,1,1.0,1.0,0,0,0,1,1,1
random_analysis,,random_v1_130,random_v1,C->D|evm|fund:cd,,,,CTLCOnly,pair_summary,,,2.0,2.0,1.0,multi-level,True,False,1.0,1330730,,77013.0,134123.0,112508.0,,,,True,,,/home/aothuatgiadp/blockchain/project/CTLC-Implementation/paper2/data/raw/random_runs/random_v1_130/analysis.csv,,3.0,388.0,424.0,40.0,6.0,1,2.0,2.0,0,0,0,1,1,1
random_analysis,,random_v1_130,random_v1,C->E|evm|fund:ce,,,,CTLCOnly,pair_summary,,,2.0,2.0,1.0,multi-level,True,False,1.0,1284906,,72874.0,129972.0,112508.0,,,,True,,,/home/aothuatgiadp/blockchain/project/CTLC-Implementation/paper2/data/raw/random_runs/random_v1_130/analysis.csv,,3.0,388.0,424.0,40.0,6.0,1,2.0,2.0,0,0,0,1,1,1
random_analysis,,random_v1_130,random_v1,D->E|evm|fund:de,,,,CTLCOnly,pair_summary,,,2.0,2.0,1.0,multi-level,True,False,1.0,1284906,,72874.0,129972.0,112508.0,,,,True,,,/home/aothuatgiadp/blockchain/project/CTLC-Implementation/paper2/data/raw/random_runs/random_v1_130/analysis.csv,,3.0,388.0,424.0,40.0,6.0,1,2.0,2.0,0,0,0,1,1,1
random_analysis,,random_v1_130,random_v1,E->B|evm|fund:eb,,,,CTLCOnly,pair_summary,,,1.0,1.0,1.0,single-level,False,False,0.0,1146799,,72874.0,72874.0,59561.0,,,,True,,,/home/aothuatgiadp/blockchain/project/CTLC-Implementation/paper2/data/raw/random_runs/random_v1_130/analysis.csv,,2.0,292.0,292.0,4.0,4.0,1,1.0,1.0,0,0,0,1,1,1
random_analysis,,random_v1_130,random_v1,E->F|evm|fund:ef,,,,CTLCOnly,pair_summary,,,1.0,1.0,1.0,single-level,False,False,0.0,1123899,,68735.0,68735.0,59561.0,,,,True,,,/home/aothuatgiadp/blockchain/project/CTLC-Implementation/paper2/data/raw/random_runs/random_v1_130/analysis.csv,,2.0,292.0,292.0,4.0,4.0,1,1.0,1.0,0,0,0,1,1,1
random_analysis,,random_v1_130,random_v1,F->A|evm|fund:fa,,,,CTLCOnly,pair_summary,,,1.0,1.0,1.0,single-level,False,False,0.0,1100987,,64620.0,64620.0,59561.0,,,,True,,,/home/aothuatgiadp/blockchain/project/CTLC-Implementation/paper2/data/raw/random_runs/random_v1_130/analysis.csv,,2.0,292.0,292.0,4.0,4.0,1,1.0,1.0,0,0,0,1,1,1
random_analysis,,random_v1_132,random_v1,B->C|evm|fund:bc,,,,CTLCMultipleEdges,pair_summary,,,2.0,5.0,4.0,multi-level+multi-option,True,True,1.0,1676946,,71641.0,133204.0,112464.0,,,,True,,,/home/aothuatgiadp/blockchain/project/CTLC-Implementation/paper2/data/raw/random_runs/random_v1_132/analysis.csv,,3.0,420.0,456.0,40.0,10.0,1,2.0,2.0,0,0,0,1,1,1
random_analysis,,random_v1_132,random_v1,C->A|evm|fund:ca,,,,CTLCOnly,pair_summary,,,1.0,1.0,1.0,single-level,False,False,0.0,1100987,,64620.0,64620.0,59561.0,,,,True,,,/home/aothuatgiadp/blockchain/project/CTLC-Implementation/paper2/data/raw/random_runs/random_v1_132/analysis.csv,,2.0,292.0,292.0,4.0,4.0,1,1.0,1.0,0,0,0,1,1,1
random_analysis,,random_v1_132,random_v1,C->D|evm|fund:cd,,,,CTLCMultipleEdges,pair_summary,,,1.0,4.0,4.0,single-level+multi-option,False,True,0.0,1469560,,75948.0,75948.0,59539.0,,,,True,,,/home/aothuatgiadp/blockchain/project/CTLC-Implementation/paper2/data/raw/random_runs/random_v1_132/analysis.csv,,2.0,324.0,324.0,4.0,8.0,1,1.0,1.0,0,0,0,1,1,1
random_analysis,,random_v1_132,random_v1,D->C|evm|fund:dc,,,,CTLCMultipleEdges,pair_summary,,,1.0,2.0,2.0,single-level+multi-option,False,True,0.0,1239438,,71641.0,71641.0,59539.0,,,,True,,,/home/aothuatgiadp/blockchain/project/CTLC-Implementation/paper2/data/raw/random_runs/random_v1_132/analysis.csv,,2.0,324.0,324.0,4.0,6.0,1,1.0,1.0,0,0,0,1,1,1
random_analysis,,random_v1_132,random_v1,D->E|evm|fund:de,,,,CTLCMultipleEdges,pair_summary,,,1.0,2.0,2.0,single-level+multi-option,False,True,0.0,1239450,,71641.0,71641.0,59539.0,,,,True,,,/home/aothuatgiadp/blockchain/project/CTLC-Implementation/paper2/data/raw/random_runs/random_v1_132/analysis.csv,,2.0,324.0,324.0,4.0,6.0,1,1.0,1.0,0,0,0,1,1,1
random_analysis,,random_v1_132,random_v1,E->A|evm|fund:ea,,,,CTLCOnly,pair_summary,,,1.0,1.0,1.0,single-level,False,False,0.0,1100987,,64620.0,64620.0,59561.0,,,,True,,,/home/aothuatgiadp/blockchain/project/CTLC-Implementation/paper2/data/raw/random_runs/random_v1_132/analysis.csv,,2.0,292.0,292.0,4.0,4.0,1,1.0,1.0,0,0,0,1,1,1
random_analysis,,random_v1_133,random_v1,B->C|evm|fund:bc,,,,CTLCMultipleEdges,pair_summary,,,1.0,4.0,4.0,single-level+multi-option,False,True,0.0,1469572,,75948.0,75948.0,59539.0,,,,True,,,/home/aothuatgiadp/blockchain/project/CTLC-Implementation/paper2/data/raw/random_runs/random_v1_133/analysis.csv,,2.0,324.0,324.0,4.0,8.0,1,1.0,1.0,0,0,0,1,1,1
random_analysis,,random_v1_133,random_v1,C->D|evm|fund:cd,,,,CTLCMultipleEdges,pair_summary,,,1.0,2.0,2.0,single-level+multi-option,False,True,0.0,1239450,,71641.0,71641.0,59539.0,,,,True,,,/home/aothuatgiadp/blockchain/project/CTLC-Implementation/paper2/data/raw/random_runs/random_v1_133/analysis.csv,,2.0,324.0,324.0,4.0,6.0,1,1.0,1.0,0,0,0,1,1,1
random_analysis,,random_v1_133,random_v1,D->A|evm|fund:da,,,,CTLCMultipleEdges,pair_summary,,,1.0,2.0,2.0,single-level+multi-option,False,True,0.0,1193638,,67334.0,67334.0,59539.0,,,,True,,,/home/aothuatgiadp/blockchain/project/CTLC-Implementation/paper2/data/raw/random_runs/random_v1_133/analysis.csv,,2.0,324.0,324.0,4.0,6.0,1,1.0,1.0,0,0,0,1,1,1
random_analysis,,random_v1_136,random_v1,B->C|evm|fund:bc,,,,CTLCMultipleEdges,pair_summary,,,2.0,4.0,2.0,multi-level+multi-option,True,True,1.0,1745163,,84598.0,141843.0,112464.0,,,,True,,,/home/aothuatgiadp/blockchain/project/CTLC-Implementation/paper2/data/raw/random_runs/random_v1_136/analysis.csv,,3.0,420.0,456.0,40.0,9.0,1,2.0,2.0,0,0,0,1,1,1
random_analysis,,random_v1_136,random_v1,C->D|evm|fund:cd,,,,CTLCMultipleEdges,pair_summary,,,2.0,4.0,2.0,multi-level+multi-option,True,True,1.0,1653503,,80267.0,137535.0,112464.0,,,,True,,,/home/aothuatgiadp/blockchain/project/CTLC-Implementation/paper2/data/raw/random_runs/random_v1_136/analysis.csv,,3.0,420.0,456.0,40.0,9.0,1,2.0,2.0,0,0,0,1,1,1
random_analysis,,random_v1_136,random_v1,D->E|evm|fund:de,,,,CTLCMultipleEdges,pair_summary,,,2.0,4.0,2.0,multi-level+multi-option,True,True,1.0,1561867,,75948.0,133192.0,112464.0,,,,True,,,/home/aothuatgiadp/blockchain/project/CTLC-Implementation/paper2/data/raw/random_runs/random_v1_136/analysis.csv,,3.0,420.0,456.0,40.0,9.0,1,2.0,2.0,0,0,0,1,1,1
random_analysis,,random_v1_136,random_v1,E->F|evm|fund:ef,,,,CTLCMultipleEdges,pair_summary,,,1.0,2.0,2.0,single-level+multi-option,False,True,0.0,1285286,,75948.0,75948.0,59539.0,,,,True,,,/home/aothuatgiadp/blockchain/project/CTLC-Implementation/paper2/data/raw/random_runs/random_v1_136/analysis.csv,,2.0,324.0,324.0,4.0,6.0,1,1.0,1.0,0,0,0,1,1,1
random_analysis,,random_v1_136,random_v1,E->G|evm|fund:eg,,,,CTLCMultipleEdges,pair_summary,,,1.0,2.0,2.0,single-level+multi-option,False,True,0.0,1239462,,71641.0,71641.0,59539.0,,,,True,,,/home/aothuatgiadp/blockchain/project/CTLC-Implementation/paper2/data/raw/random_runs/random_v1_136/analysis.csv,,2.0,324.0,324.0,4.0,6.0,1,1.0,1.0,0,0,0,1,1,1
random_analysis,,random_v1_136,random_v1,F->E|evm|fund:fe,,,,CTLCMultipleEdges,pair_summary,,,1.0,2.0,2.0,single-level+multi-option,False,True,0.0,1285274,,75948.0,75948.0,59539.0,,,,True,,,/home/aothuatgiadp/blockchain/project/CTLC-Implementation/paper2/data/raw/random_runs/random_v1_136/analysis.csv,,2.0,324.0,324.0,4.0,6.0,1,1.0,1.0,0,0,0,1,1,1
random_analysis,,random_v1_136,random_v1,F->G|evm|fund:fg,,,,CTLCMultipleEdges,pair_summary,,,1.0,2.0,2.0,single-level+multi-option,False,True,0.0,1239462,,71641.0,71641.0,59539.0,,,,True,,,/home/aothuatgiadp/blockchain/project/CTLC-Implementation/paper2/data/raw/random_runs/random_v1_136/analysis.csv,,2.0,324.0,324.0,4.0,6.0,1,1.0,1.0,0,0,0,1,1,1
random_analysis,,random_v1_136,random_v1,G->A|evm|fund:ga,,,,CTLCMultipleEdges,pair_summary,,,1.0,2.0,2.0,single-level+multi-option,False,True,0.0,1193626,,67334.0,67334.0,59539.0,,,,True,,,/home/aothuatgiadp/blockchain/project/CTLC-Implementation/paper2/data/raw/random_runs/random_v1_136/analysis.csv,,2.0,324.0,324.0,4.0,6.0,1,1.0,1.0,0,0,0,1,1,1
random_analysis,,random_v1_139,random_v1,B->C|evm|fund:bc,,,,CTLCMultipleEdges,pair_summary,,,2.0,3.0,2.0,multi-level+multi-option,True,True,1.0,1584260,,80267.0,141843.0,112464.0,,,,True,,,/home/aothuatgiadp/blockchain/project/CTLC-Implementation/paper2/data/raw/random_runs/random_v1_139/analysis.csv,,3.0,420.0,456.0,40.0,8.0,1,2.0,2.0,0,0,0,1,1,1
random_analysis,,random_v1_139,random_v1,B->E|evm|fund:be,,,,CTLCMultipleEdges,pair_summary,,,1.0,2.0,2.0,single-level+multi-option,False,True,0.0,1331098,,80267.0,80267.0,59539.0,,,,True,,,/home/aothuatgiadp/blockchain/project/CTLC-Implementation/paper2/data/raw/random_runs/random_v1_139/analysis.csv,,2.0,324.0,324.0,4.0,6.0,1,1.0,1.0,0,0,0,1,1,1
random_analysis,,random_v1_139,random_v1,C->D|evm|fund:cd,,,,CTLCMultipleEdges,pair_summary,,,2.0,3.0,2.0,multi-level+multi-option,True,True,1.0,1515512,,75948.0,137535.0,112464.0,,,,True,,,/home/aothuatgiadp/blockchain/project/CTLC-Implementation/paper2/data/raw/random_runs/random_v1_139/analysis.csv,,3.0,420.0,456.0,40.0,8.0,1,2.0,2.0,0,0,0,1,1,1
random_analysis,,random_v1_139,random_v1,D->E|evm|fund:de,,,,CTLCMultipleEdges,pair_summary,,,1.0,2.0,2.0,single-level+multi-option,False,True,0.0,1331110,,80267.0,80267.0,59539.0,,,,True,,,/home/aothuatgiadp/blockchain/project/CTLC-Implementation/paper2/data/raw/random_runs/random_v1_139/analysis.csv,,2.0,324.0,324.0,4.0,6.0,1,1.0,1.0,0,0,0,1,1,1
random_analysis,,random_v1_139,random_v1,D->G|evm|fund:dg,,,,CTLCOnly,pair_summary,,,1.0,1.0,1.0,single-level,False,False,0.0,1123899,,68747.0,68747.0,59561.0,,,,True,,,/home/aothuatgiadp/blockchain/project/CTLC-Implementation/paper2/data/raw/random_runs/random_v1_139/analysis.csv,,2.0,292.0,292.0,4.0,4.0,1,1.0,1.0,0,0,0,1,1,1
random_analysis,,random_v1_139,random_v1,E->F|evm|fund:ef,,,,CTLCMultipleEdges,pair_summary,,,1.0,2.0,2.0,single-level+multi-option,False,True,0.0,1285286,,75936.0,75936.0,59539.0,,,,True,,,/home/aothuatgiadp/blockchain/project/CTLC-Implementation/paper2/data/raw/random_runs/random_v1_139/analysis.csv,,2.0,324.0,324.0,4.0,6.0,1,1.0,1.0,0,0,0,1,1,1
random_analysis,,random_v1_139,random_v1,F->G|evm|fund:fg,,,,CTLCMultipleEdges,pair_summary,,,1.0,2.0,2.0,single-level+multi-option,False,True,0.0,1239462,,71641.0,71641.0,59539.0,,,,True,,,/home/aothuatgiadp/blockchain/project/CTLC-Implementation/paper2/data/raw/random_runs/random_v1_139/analysis.csv,,2.0,324.0,324.0,4.0,6.0,1,1.0,1.0,0,0,0,1,1,1
random_analysis,,random_v1_139,random_v1,G->A|evm|fund:ga,,,,CTLCOnly,pair_summary,,,1.0,1.0,1.0,single-level,False,False,0.0,1100975,,64620.0,64620.0,59561.0,,,,True,,,/home/aothuatgiadp/blockchain/project/CTLC-Implementation/paper2/data/raw/random_runs/random_v1_139/analysis.csv,,2.0,292.0,292.0,4.0,4.0,1,1.0,1.0,0,0,0,1,1,1
random_analysis,,random_v1_140,random_v1,B->C|evm|fund:bc,,,,CTLCMultipleEdges,pair_summary,,,1.0,2.0,2.0,single-level+multi-option,False,True,0.0,1285262,,75948.0,75948.0,59539.0,,,,True,,,/home/aothuatgiadp/blockchain/project/CTLC-Implementation/paper2/data/raw/random_runs/random_v1_140/analysis.csv,,2.0,324.0,324.0,4.0,6.0,1,1.0,1.0,0,0,0,1,1,1
random_analysis,,random_v1_140,random_v1,B->D|evm|fund:bd,,,,CTLCMultipleEdges,pair_summary,,,1.0,4.0,4.0,single-level+multi-option,False,True,0.0,1377948,,71617.0,71617.0,59539.0,,,,True,,,/home/aothuatgiadp/blockchain/project/CTLC-Implementation/paper2/data/raw/random_runs/random_v1_140/analysis.csv,,2.0,324.0,324.0,4.0,8.0,1,1.0,1.0,0,0,0,1,1,1
random_analysis,,random_v1_140,random_v1,C->B|evm|fund:cb,,,,CTLCMultipleEdges,pair_summary,,,1.0,4.0,4.0,single-level+multi-option,False,True,0.0,1469596,,75948.0,75948.0,59539.0,,,,True,,,/home/aothuatgiadp/blockchain/project/CTLC-Implementation/paper2/data/raw/random_runs/random_v1_140/analysis.csv,,2.0,324.0,324.0,4.0,8.0,1,1.0,1.0,0,0,0,1,1,1
random_analysis,,random_v1_140,random_v1,C->D|evm|fund:cd,,,,CTLCMultipleEdges,pair_summary,,,1.0,2.0,2.0,single-level+multi-option,False,True,0.0,1239462,,71641.0,71641.0,59539.0,,,,True,,,/home/aothuatgiadp/blockchain/project/CTLC-Implementation/paper2/data/raw/random_runs/random_v1_140/analysis.csv,,2.0,324.0,324.0,4.0,6.0,1,1.0,1.0,0,0,0,1,1,1
random_analysis,,random_v1_140,random_v1,D->A|evm|fund:da,,,,CTLCMultipleEdges,pair_summary,,,1.0,2.0,2.0,single-level+multi-option,False,True,0.0,1193638,,67334.0,67334.0,59539.0,,,,True,,,/home/aothuatgiadp/blockchain/project/CTLC-Implementation/paper2/data/raw/random_runs/random_v1_140/analysis.csv,,2.0,324.0,324.0,4.0,6.0,1,1.0,1.0,0,0,0,1,1,1
random_analysis,,random_v1_143,random_v1,B->C|evm|fund:bc,,,,CTLCMultipleEdges,pair_summary,,,2.0,6.0,4.0,multi-level+multi-option,True,True,1.0,1929497,,80267.0,137535.0,112464.0,,,,True,,,/home/aothuatgiadp/blockchain/project/CTLC-Implementation/paper2/data/raw/random_runs/random_v1_143/analysis.csv,,3.0,420.0,456.0,40.0,11.0,1,2.0,2.0,0,0,0,1,1,1
random_analysis,,random_v1_143,random_v1,B->D|evm|fund:bd,,,,CTLCMultipleEdges,pair_summary,,,1.0,2.0,2.0,single-level+multi-option,False,True,0.0,1331098,,80267.0,80267.0,59539.0,,,,True,,,/home/aothuatgiadp/blockchain/project/CTLC-Implementation/paper2/data/raw/random_runs/random_v1_143/analysis.csv,,2.0,324.0,324.0,4.0,6.0,1,1.0,1.0,0,0,0,1,1,1
random_analysis,,random_v1_143,random_v1,B->E|evm|fund:be,,,,CTLCMultipleEdges,pair_summary,,,1.0,2.0,2.0,single-level+multi-option,False,True,0.0,1285262,,75948.0,75948.0,59539.0,,,,True,,,/home/aothuatgiadp/blockchain/project/CTLC-Implementation/paper2/data/raw/random_runs/random_v1_143/analysis.csv,,2.0,324.0,324.0,4.0,6.0,1,1.0,1.0,0,0,0,1,1,1
random_analysis,,random_v1_143,random_v1,B->F|evm|fund:bf,,,,CTLCOnly,pair_summary,,,1.0,1.0,1.0,single-level,False,False,0.0,1123887,,68747.0,68747.0,59561.0,,,,True,,,/home/aothuatgiadp/blockchain/project/CTLC-Implementation/paper2/data/raw/random_runs/random_v1_143/analysis.csv,,2.0,292.0,292.0,4.0,4.0,1,1.0,1.0,0,0,0,1,1,1
random_analysis,,random_v1_143,random_v1,C->D|evm|fund:cd,,,,CTLCMultipleEdges,pair_summary,,,1.0,4.0,4.0,single-level+multi-option,False,True,0.0,1561280,,80267.0,80267.0,59539.0,,,,True,,,/home/aothuatgiadp/blockchain/project/CTLC-Implementation/paper2/data/raw/random_runs/random_v1_143/analysis.csv,,2.0,324.0,324.0,4.0,8.0,1,1.0,1.0,0,0,0,1,1,1
random_analysis,,random_v1_143,random_v1,C->E|evm|fund:ce,,,,CTLCMultipleEdges,pair_summary,,,1.0,2.0,2.0,single-level+multi-option,False,True,0.0,1285274,,75948.0,75948.0,59539.0,,,,True,,,/home/aothuatgiadp/blockchain/project/CTLC-Implementation/paper2/data/raw/random_runs/random_v1_143/analysis.csv,,2.0,324.0,324.0,4.0,6.0,1,1.0,1.0,0,0,0,1,1,1
random_analysis,,random_v1_143,random_v1,D->E|evm|fund:de,,,,CTLCMultipleEdges,pair_summary,,,1.0,2.0,2.0,single-level+multi-option,False,True,0.0,1285286,,75948.0,75948.0,59539.0,,,,True,,,/home/aothuatgiadp/blockchain/project/CTLC-Implementation/paper2/data/raw/random_runs/random_v1_143/analysis.csv,,2.0,324.0,324.0,4.0,6.0,1,1.0,1.0,0,0,0,1,1,1
random_analysis,,random_v1_143,random_v1,E->F|evm|fund:ef,,,,CTLCMultipleEdges,pair_summary,,,1.0,2.0,2.0,single-level+multi-option,False,True,0.0,1239462,,71629.0,71629.0,59539.0,,,,True,,,/home/aothuatgiadp/blockchain/project/CTLC-Implementation/paper2/data/raw/random_runs/random_v1_143/analysis.csv,,2.0,324.0,324.0,4.0,6.0,1,1.0,1.0,0,0,0,1,1,1
random_analysis,,random_v1_143,random_v1,F->A|evm|fund:fa,,,,CTLCOnly,pair_summary,,,1.0,1.0,1.0,single-level,False,False,0.0,1100987,,64620.0,64620.0,59561.0,,,,True,,,/home/aothuatgiadp/blockchain/project/CTLC-Implementation/paper2/data/raw/random_runs/random_v1_143/analysis.csv,,2.0,292.0,292.0,4.0,4.0,1,1.0,1.0,0,0,0,1,1,1
